US1WIBF0002,20170415,PRCP,160,,,N,0700
US1WIBF0002,20170416,PRCP,201,,,N,0700
US1WIBF0002,20170420,PRCP,371,,,N,0700
US1WIBF0002,20170426,PRCP,102,,,N,0700
US1WIBF0002,20170427,PRCP,53,,,N,0700
US1WIBF0002,20170501,PRCP,117,,,N,0700
US1WIBF0002,20170502,PRCP,145,,,N,0700
US1WIBF0002,20170509,PRCP,236,,,N,0700
US1WIBF0002,20170511,PRCP,13,,,N,0700
US1WIBF0002,20170515,PRCP,213,,,N,1445
US1WIBF0002,20170516,PRCP,130,,,N,0700
US1WIBF0002,20170517,PRCP,739,,,N,0700
US1WIBF0002,20170518,PRCP,287,,,N,0700
US1WIBF0002,20170521,PRCP,229,,,N,0700
US1WIBF0002,20170522,PRCP,5,,,N,0700
US1WIBF0002,20170523,PRCP,10,,,N,0700
US1WIBF0002,20170524,PRCP,10,,,N,0700
US1WIBF0002,20170530,PRCP,36,,,N,0700
US1WIBF0002,20170603,PRCP,66,,,N,0700
US1WIBF0002,20170604,PRCP,340,,,N,0700
US1WIBF0002,20170612,PRCP,320,,,N,0700
US1WIBF0002,20170613,PRCP,163,,,N,0700
US1WIBF0002,20170614,PRCP,18,,,N,0700
US1WIBF0002,20170617,PRCP,86,,,N,0700
US1WIBF0002,20170618,PRCP,107,,,N,0700
US1WIBF0002,20170619,PRCP,13,,,N,0700
US1WIBF0002,20170620,PRCP,71,,,N,1900
US1WIBF0002,20170622,PRCP,145,,,N,0700
US1WIBF0002,20170623,PRCP,147,,,N,0700
US1WIBF0002,20170626,PRCP,25,,,N,0700
US1WIBF0002,20170629,PRCP,234,,,N,0700
US1WIBF0002,20170701,PRCP,94,,,N,0700
US1WIBF0002,20170710,PRCP,224,,,N,0700
US1WIBF0002,20170712,PRCP,86,,,N,0700
US1WIBF0002,20170720,PRCP,754,,,N,0700
US1WIBF0002,20170723,PRCP,201,,,N,0700
US1WIBF0002,20170726,PRCP,224,,,N,1900
US1WIBF0002,20170803,PRCP,335,,,N,1800
US1WIBF0002,20170810,PRCP,117,,,N,0700
US1WIBF0002,20170814,PRCP,30,,,N,0700
US1WIBF0002,20170816,PRCP,97,,,N,0600
US1WIBF0002,20170817,PRCP,338,,,N,0700
US1WIBF0002,20170819,PRCP,18,,,N,0700
US1WIBF0002,20170827,PRCP,170,,,N,0700
US1WIBF0002,20170831,PRCP,86,,,N,0700
US1WIBF0002,20170903,PRCP,102,,,N,0700
US1WIBF0002,20170917,PRCP,53,,,N,0700
US1WIBF0002,20170927,PRCP,41,,,N,0700
US1WIBF0002,20171004,PRCP,119,,,N,0700
US1WIBF0002,20171006,PRCP,28,,,N,0700
US1WIBF0002,20171007,PRCP,254,,,N,0700
US1WIBF0002,20171008,PRCP,188,,,N,0700
US1WIBF0002,20171022,PRCP,254,,,N,0700
US1WIBF0002,20180502,PRCP,193,,,N,0700
US1WIBF0002,20180504,PRCP,251,,,N,0700
US1WIBF0002,20180506,PRCP,94,,,N,0700
US1WIBF0002,20180509,PRCP,127,,,N,0700
US1WIBF0002,20180510,PRCP,23,,,N,0700
US1WIBF0002,20180512,PRCP,99,,,N,0700
US1WIBF0002,20180513,PRCP,10,,,N,0700
US1WIBF0002,20180515,PRCP,102,,,N,0700
US1WIBF0002,20180522,PRCP,13,,,N,0700
US1WIBF0002,20180526,PRCP,391,,,N,0700
US1WIBF0002,20180528,PRCP,25,,,N,0700
US1WIBF0002,20180530,PRCP,89,,,N,0700
US1WIBF0002,20180531,PRCP,46,,,N,0700
US1WIBF0002,20180610,PRCP,201,,,N,0700
US1WIBF0002,20180616,PRCP,447,,,N,0700
US1WIBF0002,20180617,PRCP,36,,,N,0700
US1WIBF0002,20180618,PRCP,645,,,N,0700
US1WIBF0002,20180619,PRCP,41,,,N,0700
US1WIBF0002,20180621,PRCP,64,,,N,0700
US1WIBF0002,20180622,PRCP,13,,,N,0700
US1WIBF0002,20180701,PRCP,198,,,N,0700
US1WIBF0002,20180705,PRCP,229,,,N,0700
US1WIBF0002,20180713,PRCP,483,,,N,0700
US1WIBF0002,20180714,PRCP,64,,,N,0700
US1WIBF0002,20180720,PRCP,38,,,N,0700
US1WIBF0002,20180721,PRCP,76,,,N,0700
US1WIBF0002,20180726,PRCP,279,,,N,0700
US1WIBF0002,20180727,PRCP,51,,,N,0700
US1WIBF0002,20180802,PRCP,239,,,N,0700
US1WIBF0002,20180804,PRCP,25,,,N,0700
US1WIBF0002,20180805,PRCP,18,,,N,0700
US1WIBF0002,20180808,PRCP,15,,,N,0700
US1WIBF0002,20180816,PRCP,74,,,N,0700
US1WIBF0002,20180824,PRCP,61,,,N,0700
US1WIBF0002,20180825,PRCP,102,,,N,0700
US1WIBF0002,20180827,PRCP,97,,,N,0700
US1WIBF0002,20180828,PRCP,279,,,N,0700
US1WIBF0002,20180829,PRCP,69,,,N,0700
US1WIBF0002,20180905,PRCP,1224,,,N,0700
US1WIBF0002,20180918,PRCP,638,,,N,0700
US1WIBF0002,20180920,PRCP,165,,,N,0630
US1WIBF0002,20180921,PRCP,323,,,N,0630
US1WIBF0002,20181002,PRCP,175,,,N,0630
US1WIBF0002,20181005,PRCP,114,,,N,0630
US1WIBF0002,20181009,PRCP,272,,,N,0647
US1WIBF0002,20181010,PRCP,460,,,N,0647
US1WIBF0002,20181011,PRCP,15,,,N,0630
US1WIBF0002,20181104,PRCP,132,,,N,0630
US1WIBF0002,20181105,PRCP,259,,,N,0647
US1WIBF0002,20181106,PRCP,81,,,N,0630
US1WIBF0002,20190418,PRCP,406,,,N,0700
US1WIBF0002,20190528,PRCP,445,,,N,0700
US1WIBF0002,20190605,PRCP,66,,,N,0700
US1WIBF0002,20190612,PRCP,231,,,N,1900
US1WIBF0002,20190615,PRCP,51,,,N,0700
US1WIBF0002,20190616,PRCP,102,,,N,0700
US1WIBF0002,20190624,PRCP,122,,,N,0700
US1WIBF0002,20190625,PRCP,10,,,N,0700
US1WIBF0002,20190628,PRCP,434,,,N,0700
US1WIBF0002,20190701,PRCP,79,,,N,0700
US1WIBF0002,20190702,PRCP,229,,,N,0700
US1WIBF0002,20190704,PRCP,224,,,N,0700
US1WIBF0002,20190705,PRCP,10,,,N,0700
US1WIBF0002,20190706,PRCP,30,,,N,0700
US1WIBF0002,20190708,PRCP,5,,,N,0700
US1WIBF0002,20190710,PRCP,43,,,N,0700
US1WIBF0002,20190715,PRCP,15,,,N,0700
US1WIBF0002,20190716,PRCP,165,,,N,0700
US1WIBF0002,20190717,PRCP,33,,,N,0700
US1WIBF0002,20190718,PRCP,61,,,N,0700
US1WIBF0002,20190719,PRCP,175,,,N,0700
US1WIBF0002,20190720,PRCP,15,,,N,0700
US1WIBF0002,20190721,PRCP,292,,,N,0700
US1WIBF0002,20190727,PRCP,8,,,N,0700
US1WIBF0002,20190729,PRCP,41,,,N,0700
US1WIBF0002,20190806,PRCP,132,,,N,0700
US1WIBF0002,20190811,PRCP,196,,,N,0700
US1WIBF0002,20190813,PRCP,498,,,N,0700
US1WIBF0002,20190814,PRCP,173,,,N,0700
US1WIBF0002,20190816,PRCP,33,,,N,0700
US1WIBF0002,20190818,PRCP,41,,,N,0611
US1WIBF0002,20190819,PRCP,8,,,N,0700
US1WIBF0002,20190821,PRCP,18,,,N,0630
US1WIBF0002,20190827,PRCP,102,,,N,0610
US1WIBF0002,20190828,PRCP,5,,,N,0600
US1WIBF0002,20190903,PRCP,79,,,N,0700
US1WIBF0002,20190910,PRCP,264,,,N,0700
US1WIBF0002,20190912,PRCP,401,,,N,0630
US1WIBF0002,20190913,PRCP,599,,,N,0630
US1WIBF0002,20190920,PRCP,79,,,N,0700
US1WIBF0002,20190922,PRCP,0,T,,N,0700
US1WIBF0002,20190923,PRCP,8,,,N,0700
US1WIBF0002,20190925,PRCP,104,,,N,0700
US1WIBF0002,20191001,PRCP,196,,,N,0700
US1WIBF0002,20191002,PRCP,320,,,N,0700
US1WIBF0002,20191003,PRCP,130,,,N,0700
US1WIBF0002,20191006,PRCP,267,,,N,0700
US1WIBF0002,20191011,PRCP,56,,,N,0700
US1WIBF0002,20191012,PRCP,13,,,N,0700
US1WIBF0002,20191013,PRCP,18,,,N,0700
US1WIBF0002,20191020,PRCP,91,,,N,0700
US1WIBF0002,20191022,PRCP,437,,,N,0700
US1WIBF0002,20191023,PRCP,48,,,N,0700
US1WIBF0002,20191106,PRCP,102,,,N,0700
US1WIBF0002,20191106,SNOW,89,,,N,0700
US1WIBF0002,20200517,PRCP,94,,,N,0330
US1WIBF0002,20200518,PRCP,622,,,N,0630
US1WIBF0002,20200519,PRCP,10,,,N,0700
US1WIBF0002,20200524,PRCP,137,,,N,0700
US1WIBF0002,20200525,PRCP,5,,,N,0700
US1WIBF0002,20200526,PRCP,81,,,N,0700
US1WIBF0002,20200527,PRCP,53,,,N,0700
US1WIBF0002,20200528,PRCP,292,,,N,0700
US1WIBF0002,20200518,DAPR,2,,L,N,0700
US1WIBF0002,20200602,PRCP,56,,,N,0700
US1WIBF0002,20200603,PRCP,64,,,N,0700
US1WIBF0002,20200605,PRCP,33,,,N,0700
US1WIBF0002,20200607,PRCP,15,,,N,0700
US1WIBF0002,20200610,PRCP,930,,,N,0700
US1WIBF0002,20200611,PRCP,25,,,N,0700
US1WIBF0002,20200619,PRCP,5,,,N,0700
US1WIBF0002,20200620,PRCP,30,,,N,0700
US1WIBF0002,20200621,PRCP,33,,,N,0700
US1WIBF0002,20200622,PRCP,333,,,N,0700
US1WIBF0002,20200623,PRCP,5,,,N,0700
US1WIBF0002,20200624,PRCP,15,,,N,0700
US1WIBF0002,20200629,PRCP,0,T,,N,0700
US1WIBF0002,20200630,PRCP,191,,,N,0700
US1WIBF0002,20200710,PRCP,79,,,N,0700
US1WIBF0002,20200712,PRCP,28,,,N,0700
US1WIBF0002,20200715,PRCP,305,,,N,0700
US1WIBF0002,20200719,PRCP,51,,,N,0700
US1WIBF0002,20200726,PRCP,79,,,N,0700
US1WIBF0002,20200727,PRCP,127,,,N,0700
US1WIBF0002,20200728,PRCP,8,,,N,0700
US1WIBF0002,20200810,PRCP,33,,,N,0700
US1WIBF0002,20200811,PRCP,36,,,N,0700
US1WIBF0002,20200813,PRCP,0,T,,N,0700
US1WIBF0002,20200815,PRCP,51,,,N,0700
US1WIBF0002,20200822,PRCP,409,,,N,0700
US1WIBF0002,20200828,PRCP,15,,,N,0700
US1WIBF0002,20200829,PRCP,142,,,N,0700
US1WIBF0002,20200901,PRCP,193,,,N,0900
US1WIBF0002,20200902,PRCP,8,,,N,0700
US1WIBF0002,20200903,PRCP,3,,,N,0700
US1WIBF0002,20200906,PRCP,13,,,N,0700
US1WIBF0002,20200908,PRCP,30,,,N,0700
US1WIBF0002,20200909,PRCP,64,,,N,0700
US1WIBF0002,20200910,PRCP,86,,,N,0700
US1WIBF0002,20200912,PRCP,43,,,N,0700
US1WIBF0002,20200913,PRCP,28,,,N,0700
US1WIBF0002,20200925,PRCP,56,,,N,0700
US1WIBF0002,20200927,PRCP,0,T,,N,0700
US1WIBF0002,20201001,PRCP,91,,,N,0700
US1WIBF0002,20201002,PRCP,15,,,N,0700
US1WIBF0002,20201013,PRCP,163,,,N,0700
US1WIBF0002,20201015,PRCP,8,,,N,0700
US1WIBF0002,20201018,PRCP,8,,,N,0700
US1WIBF0002,20210309,PRCP,0,,,N,0700
US1WIBF0002,20210310,PRCP,51,,,N,0622
US1WIBF0002,20210311,PRCP,56,,,N,0612
US1WIBF0002,20210312,PRCP,0,,,N,0600
US1WIBF0002,20210313,PRCP,0,,,N,0615
US1WIBF0002,20210314,PRCP,0,,,N,0614
US1WIBF0002,20210315,PRCP,0,,,N,0619
US1WIBF0002,20210316,PRCP,74,,,N,0630
US1WIBF0002,20210317,PRCP,18,,,N,0700
US1WIBF0002,20210318,PRCP,0,,,N,0612
US1WIBF0002,20210319,PRCP,0,,,N,0614
US1WIBF0002,20210320,PRCP,0,,,N,0619
US1WIBF0002,20210321,PRCP,0,,,N,0605
US1WIBF0002,20210322,PRCP,0,,,N,0614
US1WIBF0002,20210323,PRCP,0,T,,N,0622
US1WIBF0002,20210324,PRCP,168,,,N,0614
US1WIBF0002,20210325,PRCP,33,,,N,0611
US1WIBF0002,20210326,PRCP,0,,,N,0611
US1WIBF0002,20210327,PRCP,0,,,N,0617
US1WIBF0002,20210328,PRCP,79,,,N,0622
US1WIBF0002,20210329,PRCP,0,,,N,0614
US1WIBF0002,20210330,PRCP,0,,,N,0606
US1WIBF0002,20210331,PRCP,0,,,N,0612
US1WIBF0002,20210309,SNOW,0,,,N,0700
US1WIBF0002,20210312,SNOW,0,,,N,0600
US1WIBF0002,20210313,SNOW,0,,,N,0615
US1WIBF0002,20210314,SNOW,0,,,N,0614
US1WIBF0002,20210315,SNOW,0,,,N,0619
US1WIBF0002,20210316,SNOW,84,,,N,0630
US1WIBF0002,20210317,SNOW,30,,,N,0700
US1WIBF0002,20210318,SNOW,0,,,N,0612
US1WIBF0002,20210319,SNOW,0,,,N,0614
US1WIBF0002,20210320,SNOW,0,,,N,0619
US1WIBF0002,20210321,SNOW,0,,,N,0605
US1WIBF0002,20210322,SNOW,0,,,N,0614
US1WIBF0002,20210326,SNOW,0,,,N,0611
US1WIBF0002,20210327,SNOW,0,,,N,0617
US1WIBF0002,20210329,SNOW,0,,,N,0614
US1WIBF0002,20210330,SNOW,0,,,N,0606
US1WIBF0002,20210331,SNOW,0,,,N,0612
US1WIBF0002,20210317,SNWD,76,,,N,0700
US1WIBF0002,20210318,SNWD,5,,,N,0612
US1WIBF0002,20210319,SNWD,0,,,N,0614
US1WIBF0002,20210316,WESF,74,,,N,0630
US1WIBF0002,20210317,WESF,18,,,N,0700
US1WIBF0002,20210401,PRCP,0,,,N,0607
US1WIBF0002,20210402,PRCP,0,,,N,0619
US1WIBF0002,20210403,PRCP,0,,,N,0612
US1WIBF0002,20210404,PRCP,0,,,N,0620
US1WIBF0002,20210405,PRCP,0,,,N,0615
US1WIBF0002,20210406,PRCP,13,,,N,0605
US1WIBF0002,20210407,PRCP,28,,,N,0612
US1WIBF0002,20210408,PRCP,46,,,N,0615
US1WIBF0002,20210409,PRCP,188,,,N,0609
US1WIBF0002,20210410,PRCP,53,,,N,0625
US1WIBF0002,20210411,PRCP,5,,,N,0622
US1WIBF0002,20210412,PRCP,10,,,N,0622
US1WIBF0002,20210413,PRCP,5,,,N,0622
US1WIBF0002,20210414,PRCP,0,T,,N,0625
US1WIBF0002,20210415,PRCP,0,T,,N,0623
US1WIBF0002,20210416,PRCP,0,,,N,0615
US1WIBF0002,20210417,PRCP,0,,,N,0623
US1WIBF0002,20210418,PRCP,0,,,N,0623
US1WIBF0002,20210419,PRCP,25,,,N,0619
US1WIBF0002,20210420,PRCP,0,T,,N,0614
US1WIBF0002,20210421,PRCP,0,,,N,0636
US1WIBF0002,20210422,PRCP,0,T,,N,0625
US1WIBF0002,20210423,PRCP,0,,,N,0612
US1WIBF0002,20210424,PRCP,38,,,N,0609
US1WIBF0002,20210425,PRCP,5,,,N,0614
US1WIBF0002,20210426,PRCP,0,T,,N,0609
US1WIBF0002,20210427,PRCP,10,,,N,0620
US1WIBF0002,20210428,PRCP,112,,,N,0615
US1WIBF0002,20210429,PRCP,0,,,N,0614
US1WIBF0002,20210430,PRCP,13,,,N,0619
US1WIBF0002,20210401,SNOW,0,,,N,0607
US1WIBF0002,20210402,SNOW,0,,,N,0619
US1WIBF0002,20210403,SNOW,0,,,N,0612
US1WIBF0002,20210404,SNOW,0,,,N,0620
US1WIBF0002,20210405,SNOW,0,,,N,0615
US1WIBF0002,20210416,SNOW,0,,,N,0615
US1WIBF0002,20210417,SNOW,0,,,N,0623
US1WIBF0002,20210418,SNOW,0,,,N,0623
US1WIBF0002,20210421,SNOW,0,,,N,0636
US1WIBF0002,20210423,SNOW,0,,,N,0612
US1WIBF0002,20210429,SNOW,0,,,N,0614
US1WIBF0002,20210501,PRCP,0,,,N,0625
US1WIBF0002,20210502,PRCP,0,T,,N,0614
US1WIBF0002,20210503,PRCP,168,,,N,0612
US1WIBF0002,20210504,PRCP,13,,,N,0623
US1WIBF0002,20210505,PRCP,0,,,N,0614
US1WIBF0002,20210506,PRCP,15,,,N,0625
US1WIBF0002,20210507,PRCP,5,,,N,0619
US1WIBF0002,20210508,PRCP,0,,,N,0619
US1WIBF0002,20210509,PRCP,0,,,N,0615
US1WIBF0002,20210510,PRCP,0,,,N,0625
US1WIBF0002,20210511,PRCP,0,T,,N,0615
US1WIBF0002,20210512,PRCP,0,,,N,0625
US1WIBF0002,20210513,PRCP,0,,,N,0625
US1WIBF0002,20210514,PRCP,0,,,N,0619
US1WIBF0002,20210515,PRCP,10,,,N,0619
US1WIBF0002,20210516,PRCP,5,,,N,0622
US1WIBF0002,20210517,PRCP,0,,,N,0622
US1WIBF0002,20210518,PRCP,0,,,N,0630
US1WIBF0002,20210519,PRCP,41,,,N,0622
US1WIBF0002,20210520,PRCP,56,,,N,0625
US1WIBF0002,20210521,PRCP,183,,,N,0625
US1WIBF0002,20210522,PRCP,41,,,N,0638
US1WIBF0002,20210523,PRCP,0,,,N,0622
US1WIBF0002,20210524,PRCP,107,,,N,0625
US1WIBF0002,20210525,PRCP,0,T,,N,0615
US1WIBF0002,20210526,PRCP,112,,,N,0625
US1WIBF0002,20210527,PRCP,0,T,,N,0635
US1WIBF0002,20210528,PRCP,279,,,N,0625
US1WIBF0002,20210529,PRCP,74,,,N,0625
US1WIBF0002,20210530,PRCP,0,,,N,0622
US1WIBF0002,20210531,PRCP,10,,,N,0625
US1WIBF0002,20210501,SNOW,0,,,N,0625
US1WIBF0002,20210505,SNOW,0,,,N,0614
US1WIBF0002,20210508,SNOW,0,,,N,0619
US1WIBF0002,20210509,SNOW,0,,,N,0615
US1WIBF0002,20210510,SNOW,0,,,N,0625
US1WIBF0002,20210512,SNOW,0,,,N,0625
US1WIBF0002,20210513,SNOW,0,,,N,0625
US1WIBF0002,20210514,SNOW,0,,,N,0619
US1WIBF0002,20210517,SNOW,0,,,N,0622
US1WIBF0002,20210518,SNOW,0,,,N,0630
US1WIBF0002,20210523,SNOW,0,,,N,0622
US1WIBF0002,20210526,SNOW,0,,,N,0625
US1WIBF0002,20210530,SNOW,0,,,N,0622
US1WIBF0002,20210601,PRCP,28,,,N,0625
US1WIBF0002,20210602,PRCP,0,,,N,0619
US1WIBF0002,20210603,PRCP,0,T,,N,0622
US1WIBF0002,20210604,PRCP,15,,,N,0612
US1WIBF0002,20210605,PRCP,0,,,N,0625
US1WIBF0002,20210606,PRCP,0,,,N,0615
US1WIBF0002,20210607,PRCP,0,,,N,0700
US1WIBF0002,20210608,PRCP,0,,,N,0918
US1WIBF0002,20210609,PRCP,86,,,N,0625
US1WIBF0002,20210610,PRCP,0,,,N,0622
US1WIBF0002,20210611,PRCP,0,,,N,0622
US1WIBF0002,20210612,PRCP,0,T,,N,0615
US1WIBF0002,20210613,PRCP,0,,,N,0625
US1WIBF0002,20210614,PRCP,0,,,N,0700
US1WIBF0002,20210615,PRCP,0,,,N,0615
US1WIBF0002,20210616,PRCP,0,,,N,0612
US1WIBF0002,20210617,PRCP,20,,,N,0605
US1WIBF0002,20210618,PRCP,81,,,N,0619
US1WIBF0002,20210619,PRCP,0,,,N,0615
US1WIBF0002,20210620,PRCP,0,,,N,0614
US1WIBF0002,20210621,PRCP,191,,,N,0622
US1WIBF0002,20210622,PRCP,0,,,N,0622
US1WIBF0002,20210623,PRCP,0,,,N,0622
US1WIBF0002,20210624,PRCP,0,,,N,0609
US1WIBF0002,20210625,PRCP,0,,,N,0625
US1WIBF0002,20210626,PRCP,0,,,N,0625
US1WIBF0002,20210627,PRCP,163,,,N,0630
US1WIBF0002,20210628,PRCP,0,,,N,0622
US1WIBF0002,20210629,PRCP,74,,,N,0630
US1WIBF0002,20210630,PRCP,30,,,N,0630
US1WIBF0002,20210602,SNOW,0,,,N,0619
US1WIBF0002,20210605,SNOW,0,,,N,0625
US1WIBF0002,20210606,SNOW,0,,,N,0615
US1WIBF0002,20210607,SNOW,0,,,N,0700
US1WIBF0002,20210608,SNOW,0,,,N,0918
US1WIBF0002,20210610,SNOW,0,,,N,0622
US1WIBF0002,20210611,SNOW,0,,,N,0622
US1WIBF0002,20210613,SNOW,0,,,N,0625
US1WIBF0002,20210614,SNOW,0,,,N,0700
US1WIBF0002,20210615,SNOW,0,,,N,0615
US1WIBF0002,20210616,SNOW,0,,,N,0612
US1WIBF0002,20210619,SNOW,0,,,N,0615
US1WIBF0002,20210620,SNOW,0,,,N,0614
US1WIBF0002,20210622,SNOW,0,,,N,0622
US1WIBF0002,20210623,SNOW,0,,,N,0622
US1WIBF0002,20210624,SNOW,0,,,N,0609
US1WIBF0002,20210625,SNOW,0,,,N,0625
US1WIBF0002,20210626,SNOW,0,,,N,0625
US1WIBF0002,20210628,SNOW,0,,,N,0622
US1WIBF0002,20210701,PRCP,0,,,N,0629
US1WIBF0002,20210702,PRCP,0,,,N,0615
US1WIBF0002,20210703,PRCP,0,,,N,0630
US1WIBF0002,20210704,PRCP,0,,,N,0622
US1WIBF0002,20210705,PRCP,0,,,N,0625
US1WIBF0002,20210706,PRCP,0,,,N,0622
US1WIBF0002,20210707,PRCP,244,,,N,0620
US1WIBF0002,20210708,PRCP,15,,,N,0650
US1WIBF0002,20210709,PRCP,0,T,,N,0700
US1WIBF0002,20210710,PRCP,0,,,N,0625
US1WIBF0002,20210711,PRCP,0,,,N,0625
US1WIBF0002,20210712,PRCP,0,,,N,0630
US1WIBF0002,20210713,PRCP,0,,,N,0618
US1WIBF0002,20210714,PRCP,0,,,N,0625
US1WIBF0002,20210715,PRCP,178,,,N,0629
US1WIBF0002,20210716,PRCP,0,,,N,0629
US1WIBF0002,20210717,PRCP,0,,,N,0625
US1WIBF0002,20210718,PRCP,0,,,N,0619
US1WIBF0002,20210719,PRCP,0,,,N,0619
US1WIBF0002,20210720,PRCP,0,,,N,0625
US1WIBF0002,20210721,PRCP,0,,,N,0630
US1WIBF0002,20210722,PRCP,0,,,N,0638
US1WIBF0002,20210723,PRCP,0,,,N,0629
US1WIBF0002,20210724,PRCP,0,T,,N,0628
US1WIBF0002,20210725,PRCP,25,,,N,0630
US1WIBF0002,20210726,PRCP,0,,,N,0628
US1WIBF0002,20210727,PRCP,0,,,N,0630
US1WIBF0002,20210728,PRCP,0,,,N,0627
US1WIBF0002,20210729,PRCP,218,,,N,0628
US1WIBF0002,20210730,PRCP,0,,,N,0615
US1WIBF0002,20210731,PRCP,0,,,N,0615
US1WIBF0002,20210701,SNOW,0,,,N,0629
US1WIBF0002,20210702,SNOW,0,,,N,0615
US1WIBF0002,20210703,SNOW,0,,,N,0630
US1WIBF0002,20210704,SNOW,0,,,N,0622
US1WIBF0002,20210705,SNOW,0,,,N,0625
US1WIBF0002,20210706,SNOW,0,,,N,0622
US1WIBF0002,20210710,SNOW,0,,,N,0625
US1WIBF0002,20210711,SNOW,0,,,N,0625
US1WIBF0002,20210712,SNOW,0,,,N,0630
US1WIBF0002,20210713,SNOW,0,,,N,0618
US1WIBF0002,20210714,SNOW,0,,,N,0625
US1WIBF0002,20210716,SNOW,0,,,N,0629
US1WIBF0002,20210717,SNOW,0,,,N,0625
US1WIBF0002,20210718,SNOW,0,,,N,0619
US1WIBF0002,20210719,SNOW,0,,,N,0619
US1WIBF0002,20210720,SNOW,0,,,N,0625
US1WIBF0002,20210721,SNOW,0,,,N,0630
US1WIBF0002,20210722,SNOW,0,,,N,0638
US1WIBF0002,20210723,SNOW,0,,,N,0629
US1WIBF0002,20210726,SNOW,0,,,N,0628
US1WIBF0002,20210727,SNOW,0,,,N,0630
US1WIBF0002,20210728,SNOW,0,,,N,0627
US1WIBF0002,20210730,SNOW,0,,,N,0615
US1WIBF0002,20210731,SNOW,0,,,N,0615
US1WIBF0002,20210801,PRCP,43,,,N,0630
US1WIBF0002,20210802,PRCP,0,,,N,0619
US1WIBF0002,20210803,PRCP,0,,,N,0614
US1WIBF0002,20210804,PRCP,0,,,N,0625
US1WIBF0002,20210805,PRCP,0,,,N,0620
US1WIBF0002,20210806,PRCP,5,,,N,0619
US1WIBF0002,20210807,PRCP,0,T,,N,0628
US1WIBF0002,20210808,PRCP,521,,,N,0609
US1WIBF0002,20210809,PRCP,386,,,N,0620
US1WIBF0002,20210810,PRCP,0,,,N,0616
US1WIBF0002,20210811,PRCP,0,T,,N,0623
US1WIBF0002,20210812,PRCP,0,,,N,0616
US1WIBF0002,20210813,PRCP,0,,,N,0627
US1WIBF0002,20210814,PRCP,0,,,N,0621
US1WIBF0002,20210815,PRCP,0,,,N,0614
US1WIBF0002,20210816,PRCP,0,,,N,0637
US1WIBF0002,20210817,PRCP,0,,,N,0622
US1WIBF0002,20210818,PRCP,0,,,N,0630
US1WIBF0002,20210819,PRCP,0,,,N,0628
US1WIBF0002,20210820,PRCP,0,,,N,0622
US1WIBF0002,20210821,PRCP,51,,,N,0622
US1WIBF0002,20210822,PRCP,0,,,N,0624
US1WIBF0002,20210823,PRCP,66,,,N,0623
US1WIBF0002,20210824,PRCP,74,,,N,0629
US1WIBF0002,20210825,PRCP,485,,,N,0636
US1WIBF0002,20210826,PRCP,0,,,N,0624
US1WIBF0002,20210827,PRCP,279,,,N,0615
US1WIBF0002,20210828,PRCP,320,,,N,0627
US1WIBF0002,20210829,PRCP,23,,,N,0629
US1WIBF0002,20210830,PRCP,8,,,N,0618
US1WIBF0002,20210831,PRCP,0,,,N,0628
US1WIBF0002,20210802,SNOW,0,,,N,0619
US1WIBF0002,20210803,SNOW,0,,,N,0614
US1WIBF0002,20210804,SNOW,0,,,N,0625
US1WIBF0002,20210805,SNOW,0,,,N,0620
US1WIBF0002,20210810,SNOW,0,,,N,0616
US1WIBF0002,20210812,SNOW,0,,,N,0616
US1WIBF0002,20210813,SNOW,0,,,N,0627
US1WIBF0002,20210814,SNOW,0,,,N,0621
US1WIBF0002,20210815,SNOW,0,,,N,0614
US1WIBF0002,20210816,SNOW,0,,,N,0637
US1WIBF0002,20210817,SNOW,0,,,N,0622
US1WIBF0002,20210818,SNOW,0,,,N,0630
US1WIBF0002,20210819,SNOW,0,,,N,0628
US1WIBF0002,20210820,SNOW,0,,,N,0622
US1WIBF0002,20210822,SNOW,0,,,N,0624
US1WIBF0002,20210826,SNOW,0,,,N,0624
US1WIBF0002,20210831,SNOW,0,,,N,0628
US1WIBF0002,20210901,PRCP,0,,,N,0616
US1WIBF0002,20210902,PRCP,0,,,N,0625
US1WIBF0002,20210903,PRCP,119,,,N,0611
US1WIBF0002,20210904,PRCP,104,,,N,0627
US1WIBF0002,20210905,PRCP,0,T,,N,0628
US1WIBF0002,20210906,PRCP,0,,,N,0626
US1WIBF0002,20210907,PRCP,0,,,N,0615
US1WIBF0002,20210908,PRCP,0,,,N,0600
US1WIBF0002,20210909,PRCP,97,,,N,0618
US1WIBF0002,20210910,PRCP,0,,,N,0618
US1WIBF0002,20210911,PRCP,0,,,N,0622
US1WIBF0002,20210913,PRCP,0,T,,N,0626
US1WIBF0002,20210914,PRCP,13,,,N,0625
US1WIBF0002,20210915,PRCP,0,,,N,0624
US1WIBF0002,20210916,PRCP,0,,,N,0622
US1WIBF0002,20210917,PRCP,0,,,N,0618
US1WIBF0002,20210918,PRCP,0,T,,N,0618
US1WIBF0002,20210919,PRCP,0,,,N,0622
US1WIBF0002,20210920,PRCP,0,,,N,0609
US1WIBF0002,20210921,PRCP,142,,,N,0622
US1WIBF0002,20210922,PRCP,0,,,N,0609
US1WIBF0002,20210923,PRCP,0,,,N,0618
US1WIBF0002,20210924,PRCP,0,,,N,0621
US1WIBF0002,20210925,PRCP,10,,,N,0610
US1WIBF0002,20210926,PRCP,0,,,N,0621
US1WIBF0002,20210927,PRCP,0,,,N,0623
US1WIBF0002,20210928,PRCP,0,,,N,0617
US1WIBF0002,20210929,PRCP,0,,,N,0611
US1WIBF0002,20210930,PRCP,0,,,N,0614
US1WIBF0002,20210901,SNOW,0,,,N,0616
US1WIBF0002,20210902,SNOW,0,,,N,0625
US1WIBF0002,20210906,SNOW,0,,,N,0626
US1WIBF0002,20210907,SNOW,0,,,N,0615
US1WIBF0002,20210908,SNOW,0,,,N,0600
US1WIBF0002,20210910,SNOW,0,,,N,0618
US1WIBF0002,20210911,SNOW,0,,,N,0622
US1WIBF0002,20210915,SNOW,0,,,N,0624
US1WIBF0002,20210916,SNOW,0,,,N,0622
US1WIBF0002,20210917,SNOW,0,,,N,0618
US1WIBF0002,20210918,SNOW,0,,,N,0618
US1WIBF0002,20210919,SNOW,0,,,N,0622
US1WIBF0002,20210920,SNOW,0,,,N,0609
US1WIBF0002,20210922,SNOW,0,,,N,0609
US1WIBF0002,20210923,SNOW,0,,,N,0618
US1WIBF0002,20210924,SNOW,0,,,N,0621
US1WIBF0002,20210926,SNOW,0,,,N,0621
US1WIBF0002,20210927,SNOW,0,,,N,0623
US1WIBF0002,20210928,SNOW,0,,,N,0617
US1WIBF0002,20210929,SNOW,0,,,N,0611
US1WIBF0002,20210930,SNOW,0,,,N,0614
US1WIBF0002,20211001,PRCP,0,,,N,0622
US1WIBF0002,20211002,PRCP,142,,,N,0610
US1WIBF0002,20211003,PRCP,5,,,N,0610
US1WIBF0002,20211004,PRCP,3,,,N,0614
US1WIBF0002,20211005,PRCP,0,,,N,0630
US1WIBF0002,20211006,PRCP,0,,,N,0605
US1WIBF0002,20211007,PRCP,0,,,N,0612
US1WIBF0002,20211008,PRCP,3,,,N,0609
US1WIBF0002,20211009,PRCP,0,T,,N,0626
US1WIBF0002,20211010,PRCP,0,,,N,0614
US1WIBF0002,20211011,PRCP,3,,,N,0610
US1WIBF0002,20211012,PRCP,0,T,,N,0622
US1WIBF0002,20211013,PRCP,0,,,N,0633
US1WIBF0002,20211014,PRCP,25,,,N,0617
US1WIBF0002,20211015,PRCP,0,,,N,0622
US1WIBF0002,20211016,PRCP,0,,,N,0612
US1WIBF0002,20211017,PRCP,0,,,N,0619
US1WIBF0002,20211018,PRCP,0,,,N,0609
US1WIBF0002,20211019,PRCP,0,,,N,0611
US1WIBF0002,20211020,PRCP,0,,,N,0621
US1WIBF0002,20211021,PRCP,74,,,N,0614
US1WIBF0002,20211022,PRCP,0,T,,N,0622
US1WIBF0002,20211023,PRCP,0,,,N,0620
US1WIBF0002,20211024,PRCP,0,,,N,0612
US1WIBF0002,20211025,PRCP,0,,,N,0616
US1WIBF0002,20211026,PRCP,0,,,N,0608
US1WIBF0002,20211027,PRCP,0,,,N,0600
US1WIBF0002,20211028,PRCP,0,T,,N,0618
US1WIBF0002,20211029,PRCP,86,,,N,0610
US1WIBF0002,20211030,PRCP,0,T,,N,0613
US1WIBF0002,20211031,PRCP,0,T,,N,0637
US1WIBF0002,20211001,SNOW,0,,,N,0622
US1WIBF0002,20211005,SNOW,0,,,N,0630
US1WIBF0002,20211006,SNOW,0,,,N,0605
US1WIBF0002,20211007,SNOW,0,,,N,0612
US1WIBF0002,20211010,SNOW,0,,,N,0614
US1WIBF0002,20211013,SNOW,0,,,N,0633
US1WIBF0002,20211015,SNOW,0,,,N,0622
US1WIBF0002,20211016,SNOW,0,,,N,0612
US1WIBF0002,20211017,SNOW,0,,,N,0619
US1WIBF0002,20211018,SNOW,0,,,N,0609
US1WIBF0002,20211019,SNOW,0,,,N,0611
US1WIBF0002,20211020,SNOW,0,,,N,0621
US1WIBF0002,20211023,SNOW,0,,,N,0620
US1WIBF0002,20211024,SNOW,0,,,N,0612
US1WIBF0002,20211025,SNOW,0,,,N,0616
US1WIBF0002,20211026,SNOW,0,,,N,0608
US1WIBF0002,20211027,SNOW,0,,,N,0600
US1WIBF0002,20211101,PRCP,0,,,N,0630
US1WIBF0002,20211102,PRCP,0,T,,N,0619
US1WIBF0002,20211103,PRCP,0,,,N,0700
US1WIBF0002,20211104,PRCP,0,,,N,0649
US1WIBF0002,20211105,PRCP,0,,,N,0639
US1WIBF0002,20211106,PRCP,0,,,N,0631
US1WIBF0002,20211107,PRCP,0,,,N,0603
US1WIBF0002,20211108,PRCP,0,,,N,0600
US1WIBF0002,20211109,PRCP,0,,,N,0608
US1WIBF0002,20211110,PRCP,0,,,N,0605
US1WIBF0002,20211111,PRCP,361,,,N,0615
US1WIBF0002,20211112,PRCP,130,,,N,0757
US1WIBF0002,20211113,PRCP,5,,,N,0657
US1WIBF0002,20211114,PRCP,25,,,N,0700
US1WIBF0002,20211115,PRCP,0,,,N,0757
US1WIBF0002,20211116,PRCP,0,,,N,0730
US1WIBF0002,20211117,PRCP,0,,,N,0648
US1WIBF0002,20211118,PRCP,0,T,,N,0709
US1WIBF0002,20211119,PRCP,0,T,,N,0625
US1WIBF0002,20211121,PRCP,0,,,N,0638
US1WIBF0002,20211122,PRCP,0,T,,N,0622
US1WIBF0002,20211123,PRCP,0,,,N,0604
US1WIBF0002,20211124,PRCP,0,,,N,0617
US1WIBF0002,20211125,PRCP,0,T,,N,0611
US1WIBF0002,20211126,PRCP,0,,,N,0609
US1WIBF0002,20211127,PRCP,0,,,N,0620
US1WIBF0002,20211128,PRCP,0,T,,N,0625
US1WIBF0002,20211129,PRCP,0,,,N,0623
US1WIBF0002,20211130,PRCP,0,,,N,0600
US1WIBF0002,20211101,SNOW,0,,,N,0630
US1WIBF0002,20211103,SNOW,0,,,N,0700
US1WIBF0002,20211104,SNOW,0,,,N,0649
US1WIBF0002,20211105,SNOW,0,,,N,0639
US1WIBF0002,20211106,SNOW,0,,,N,0631
US1WIBF0002,20211107,SNOW,0,,,N,0603
US1WIBF0002,20211108,SNOW,0,,,N,0600
US1WIBF0002,20211109,SNOW,0,,,N,0608
US1WIBF0002,20211110,SNOW,0,,,N,0605
US1WIBF0002,20211115,SNOW,0,,,N,0757
US1WIBF0002,20211116,SNOW,0,,,N,0730
US1WIBF0002,20211117,SNOW,0,,,N,0648
US1WIBF0002,20211121,SNOW,0,,,N,0638
US1WIBF0002,20211123,SNOW,0,,,N,0604
US1WIBF0002,20211124,SNOW,0,,,N,0617
US1WIBF0002,20211126,SNOW,0,,,N,0609
US1WIBF0002,20211127,SNOW,0,,,N,0620
US1WIBF0002,20211129,SNOW,0,,,N,0623
US1WIBF0002,20211130,SNOW,0,,,N,0600
US1WIBF0002,20211201,PRCP,43,,,N,0625
US1WIBF0002,20211202,PRCP,0,T,,N,0618
US1WIBF0002,20211203,PRCP,0,T,,N,0617
US1WIBF0002,20211204,PRCP,0,,,N,0625
US1WIBF0002,20211205,PRCP,0,T,,N,0622
US1WIBF0002,20211206,PRCP,0,T,,N,0614
US1WIBF0002,20211207,PRCP,0,,,N,0640
US1WIBF0002,20211208,PRCP,38,,,N,0636
US1WIBF0002,20211209,PRCP,0,,,N,0630
US1WIBF0002,20211210,PRCP,0,T,,N,0623
US1WIBF0002,20211211,PRCP,259,,,N,0621
US1WIBF0002,20211212,PRCP,0,,,N,0618
US1WIBF0002,20211213,PRCP,0,,,N,0627
US1WIBF0002,20211214,PRCP,0,,,N,0627
US1WIBF0002,20211215,PRCP,0,T,,N,0619
US1WIBF0002,20211216,PRCP,0,,,N,0624
US1WIBF0002,20211217,PRCP,0,T,,N,0623
US1WIBF0002,20211218,PRCP,0,T,,N,0620
US1WIBF0002,20211219,PRCP,0,T,,N,0621
US1WIBF0002,20211220,PRCP,0,,,N,0621
US1WIBF0002,20211221,PRCP,0,,,N,0622
US1WIBF0002,20211222,PRCP,0,T,,N,0600
US1WIBF0002,20211223,PRCP,0,T,,N,0619
US1WIBF0002,20211224,PRCP,0,T,,N,0634
US1WIBF0002,20211225,PRCP,5,,,N,0620
US1WIBF0002,20211226,PRCP,0,,,N,0622
US1WIBF0002,20211227,PRCP,71,,,N,0625
US1WIBF0002,20211228,PRCP,0,,,N,0630
US1WIBF0002,20211229,PRCP,56,,,N,0658
US1WIBF0002,20211230,PRCP,0,T,,N,0630
US1WIBF0002,20211231,PRCP,0,T,,N,0630
US1WIBF0002,20211201,SNOW,51,,,N,0625
US1WIBF0002,20211204,SNOW,0,,,N,0625
US1WIBF0002,20211207,SNOW,0,,,N,0640
US1WIBF0002,20211208,SNOW,99,,,N,0636
US1WIBF0002,20211209,SNOW,0,,,N,0630
US1WIBF0002,20211212,SNOW,0,,,N,0618
US1WIBF0002,20211213,SNOW,0,,,N,0627
US1WIBF0002,20211214,SNOW,0,,,N,0627
US1WIBF0002,20211216,SNOW,0,,,N,0624
US1WIBF0002,20211220,SNOW,0,,,N,0621
US1WIBF0002,20211221,SNOW,0,,,N,0622
US1WIBF0002,20211226,SNOW,0,,,N,0622
US1WIBF0002,20211227,SNOW,51,,,N,0625
US1WIBF0002,20211228,SNOW,0,,,N,0630
US1WIBF0002,20211229,SNOW,94,,,N,0658
US1WIBF0002,20211201,SNWD,51,,,N,0625
US1WIBF0002,20211208,SNWD,99,,,N,0636
US1WIBF0002,20211227,SNWD,51,,,N,0625
US1WIBF0002,20211229,SNWD,114,,,N,0658
US1WIBF0002,20211201,WESD,43,,,N,0625
US1WIBF0002,20211208,WESD,38,,,N,0636
US1WIBF0002,20211227,WESD,71,,,N,0625
US1WIBF0002,20211201,WESF,43,,,N,0625
US1WIBF0002,20211208,WESF,38,,,N,0636
US1WIBF0002,20211227,WESF,71,,,N,0625
US1WIBF0002,20211229,WESF,56,,,N,0658
US1WIBF0002,20220101,PRCP,0,,,N,0630
US1WIBF0002,20220102,PRCP,0,,,N,0625
US1WIBF0002,20220103,PRCP,0,,,N,0624
US1WIBF0002,20220104,PRCP,0,,,N,0622
US1WIBF0002,20220105,PRCP,3,,,N,0630
US1WIBF0002,20220106,PRCP,13,,,N,0600
US1WIBF0002,20220107,PRCP,0,,,N,0614
US1WIBF0002,20220108,PRCP,0,,,N,0622
US1WIBF0002,20220109,PRCP,0,,,N,0610
US1WIBF0002,20220110,PRCP,0,,,N,0615
US1WIBF0002,20220111,PRCP,0,,,N,0619
US1WIBF0002,20220112,PRCP,0,,,N,0619
US1WIBF0002,20220113,PRCP,0,,,N,0625
US1WIBF0002,20220114,PRCP,0,,,N,0620
US1WIBF0002,20220115,PRCP,64,,,N,0640
US1WIBF0002,20220116,PRCP,0,,,N,0604
US1WIBF0002,20220117,PRCP,0,T,,N,0617
US1WIBF0002,20220118,PRCP,0,,,N,0619
US1WIBF0002,20220119,PRCP,0,,,N,0613
US1WIBF0002,20220120,PRCP,0,,,N,0614
US1WIBF0002,20220121,PRCP,0,,,N,0626
US1WIBF0002,20220122,PRCP,3,,,N,0615
US1WIBF0002,20220123,PRCP,5,,,N,0630
US1WIBF0002,20220124,PRCP,20,,,N,0630
US1WIBF0002,20220126,PRCP,0,,,N,0619
US1WIBF0002,20220127,PRCP,0,,,N,0615
US1WIBF0002,20220128,PRCP,0,T,,N,0611
US1WIBF0002,20220129,PRCP,0,,,N,0614
US1WIBF0002,20220130,PRCP,0,T,,N,0615
US1WIBF0002,20220131,PRCP,0,T,,N,0613
US1WIBF0002,20220101,SNOW,0,,,N,0630
US1WIBF0002,20220102,SNOW,0,,,N,0625
US1WIBF0002,20220103,SNOW,0,,,N,0624
US1WIBF0002,20220104,SNOW,0,,,N,0622
US1WIBF0002,20220105,SNOW,18,,,N,0630
US1WIBF0002,20220106,SNOW,25,,,N,0600
US1WIBF0002,20220107,SNOW,0,,,N,0614
US1WIBF0002,20220108,SNOW,0,,,N,0622
US1WIBF0002,20220109,SNOW,0,,,N,0610
US1WIBF0002,20220110,SNOW,0,,,N,0615
US1WIBF0002,20220111,SNOW,0,,,N,0619
US1WIBF0002,20220112,SNOW,0,,,N,0619
US1WIBF0002,20220113,SNOW,0,,,N,0625
US1WIBF0002,20220114,SNOW,0,,,N,0620
US1WIBF0002,20220115,SNOW,64,,,N,0640
US1WIBF0002,20220116,SNOW,0,,,N,0604
US1WIBF0002,20220117,SNOW,0,,,N,0617
US1WIBF0002,20220118,SNOW,0,,,N,0619
US1WIBF0002,20220119,SNOW,0,,,N,0613
US1WIBF0002,20220120,SNOW,0,,,N,0614
US1WIBF0002,20220121,SNOW,0,,,N,0626
US1WIBF0002,20220122,SNOW,8,,,N,0615
US1WIBF0002,20220123,SNOW,51,,,N,0630
US1WIBF0002,20220124,SNOW,38,,,N,0630
US1WIBF0002,20220126,SNOW,0,,,N,0619
US1WIBF0002,20220127,SNOW,0,,,N,0615
US1WIBF0002,20220129,SNOW,0,,,N,0614
US1WIBF0002,20220105,WESF,3,,,N,0630
US1WIBF0002,20220106,WESF,13,,,N,0600
US1WIBF0002,20220115,WESF,64,,,N,0640
US1WIBF0002,20220122,WESF,3,,,N,0615
US1WIBF0002,20220123,WESF,5,,,N,0630
US1WIBF0002,20220124,WESF,20,,,N,0630
US1WIBF0002,20220201,PRCP,0,,,N,0625
US1WIBF0002,20220202,PRCP,0,,,N,0630
US1WIBF0002,20220203,PRCP,0,,,N,0625
US1WIBF0002,20220204,PRCP,0,,,N,0610
US1WIBF0002,20220205,PRCP,0,T,,N,0615
US1WIBF0002,20220206,PRCP,0,T,,N,0618
US1WIBF0002,20220207,PRCP,0,T,,N,0613
US1WIBF0002,20220208,PRCP,0,,,N,0625
US1WIBF0002,20220209,PRCP,0,T,,N,0620
US1WIBF0002,20220210,PRCP,0,T,,N,0622
US1WIBF0002,20220211,PRCP,5,,,N,0623
US1WIBF0002,20220212,PRCP,25,,,N,0634
US1WIBF0002,20220213,PRCP,0,T,,N,0627
US1WIBF0002,20220214,PRCP,0,T,,N,0633
US1WIBF0002,20220215,PRCP,0,,,N,0630
US1WIBF0002,20220216,PRCP,0,,,N,0625
US1WIBF0002,20220217,PRCP,0,,,N,0622
US1WIBF0002,20220218,PRCP,0,,,N,0624
US1WIBF0002,20220219,PRCP,3,,,N,0619
US1WIBF0002,20220220,PRCP,0,,,N,0625
US1WIBF0002,20220221,PRCP,0,,,N,0615
US1WIBF0002,20220222,PRCP,0,T,,N,0617
US1WIBF0002,20220223,PRCP,51,,,N,0610
US1WIBF0002,20220224,PRCP,0,,,N,0622
US1WIBF0002,20220225,PRCP,28,,,N,0630
US1WIBF0002,20220226,PRCP,0,,,N,0622
US1WIBF0002,20220227,PRCP,0,,,N,0622
US1WIBF0002,20220228,PRCP,0,,,N,0625
US1WIBF0002,20220201,SNOW,0,,,N,0625
US1WIBF0002,20220202,SNOW,0,,,N,0630
US1WIBF0002,20220203,SNOW,0,,,N,0625
US1WIBF0002,20220204,SNOW,0,,,N,0610
US1WIBF0002,20220205,SNOW,0,T,,N,0615
US1WIBF0002,20220208,SNOW,0,,,N,0625
US1WIBF0002,20220211,SNOW,13,,,N,0623
US1WIBF0002,20220214,SNOW,51,,,N,0633
US1WIBF0002,20220215,SNOW,0,,,N,0630
US1WIBF0002,20220216,SNOW,0,,,N,0625
US1WIBF0002,20220217,SNOW,0,,,N,0622
US1WIBF0002,20220218,SNOW,0,,,N,0624
US1WIBF0002,20220220,SNOW,0,,,N,0625
US1WIBF0002,20220221,SNOW,0,,,N,0615
US1WIBF0002,20220222,SNOW,51,,,N,0617
US1WIBF0002,20220223,SNOW,71,,,N,0610
US1WIBF0002,20220224,SNOW,0,,,N,0622
US1WIBF0002,20220225,SNOW,51,,,N,0630
US1WIBF0002,20220226,SNOW,0,,,N,0622
US1WIBF0002,20220227,SNOW,0,,,N,0622
US1WIBF0002,20220228,SNOW,0,,,N,0625
US1WIBF0002,20220211,WESF,5,,,N,0623
US1WIBF0002,20220214,WESF,3,,,N,0633
US1WIBF0002,20220222,WESF,0,T,,N,0617
US1WIBF0002,20220223,WESF,51,,,N,0610
US1WIBF0002,20220225,WESF,28,,,N,0630
US1WIBF0002,20220301,PRCP,0,,,N,0619
US1WIBF0002,20220302,PRCP,0,,,N,0615
US1WIBF0002,20220303,PRCP,0,,,N,0622
US1WIBF0002,20220304,PRCP,0,,,N,0615
US1WIBF0002,20220305,PRCP,56,,,N,0615
US1WIBF0002,20220306,PRCP,109,,,N,0620
US1WIBF0002,20220307,PRCP,0,T,,N,0613
US1WIBF0002,20220308,PRCP,0,,,N,0608
US1WIBF0002,20220309,PRCP,0,T,,N,0625
US1WIBF0002,20220310,PRCP,0,,,N,0622
US1WIBF0002,20220311,PRCP,0,,,N,0616
US1WIBF0002,20220312,PRCP,0,,,N,0619
US1WIBF0002,20220313,PRCP,0,,,N,0610
US1WIBF0002,20220314,PRCP,0,,,N,0630
US1WIBF0002,20220315,PRCP,0,T,,N,0625
US1WIBF0002,20220316,PRCP,0,,,N,0609
US1WIBF0002,20220317,PRCP,0,,,N,0700
US1WIBF0002,20220318,PRCP,0,,,N,0614
US1WIBF0002,20220319,PRCP,0,,,N,0613
US1WIBF0002,20220320,PRCP,0,,,N,0620
US1WIBF0002,20220321,PRCP,0,,,N,0608
US1WIBF0002,20220322,PRCP,0,,,N,0616
US1WIBF0002,20220323,PRCP,254,,,N,0608
US1WIBF0002,20220324,PRCP,43,,,N,0614
US1WIBF0002,20220325,PRCP,0,T,,N,0700
US1WIBF0002,20220326,PRCP,0,T,,N,0641
US1WIBF0002,20220327,PRCP,0,,,N,0605
US1WIBF0002,20220328,PRCP,0,,,N,0618
US1WIBF0002,20220329,PRCP,0,,,N,0611
US1WIBF0002,20220330,PRCP,13,,,N,0621
US1WIBF0002,20220331,PRCP,41,,,N,0615
US1WIBF0002,20220301,SNOW,0,,,N,0619
US1WIBF0002,20220302,SNOW,0,,,N,0615
US1WIBF0002,20220303,SNOW,0,,,N,0622
US1WIBF0002,20220304,SNOW,0,,,N,0615
US1WIBF0002,20220308,SNOW,0,,,N,0608
US1WIBF0002,20220310,SNOW,0,,,N,0622
US1WIBF0002,20220311,SNOW,0,,,N,0616
US1WIBF0002,20220312,SNOW,0,,,N,0619
US1WIBF0002,20220313,SNOW,0,,,N,0610
US1WIBF0002,20220314,SNOW,0,,,N,0630
US1WIBF0002,20220316,SNOW,0,,,N,0609
US1WIBF0002,20220317,SNOW,0,,,N,0700
US1WIBF0002,20220318,SNOW,0,,,N,0614
US1WIBF0002,20220319,SNOW,0,,,N,0613
US1WIBF0002,20220320,SNOW,0,,,N,0620
US1WIBF0002,20220321,SNOW,0,,,N,0608
US1WIBF0002,20220322,SNOW,0,,,N,0616
US1WIBF0002,20220324,SNOW,102,,,N,0614
US1WIBF0002,20220327,SNOW,0,,,N,0605
US1WIBF0002,20220328,SNOW,0,,,N,0618
US1WIBF0002,20220329,SNOW,0,,,N,0611
US1WIBF0002,20220331,SNOW,13,,,N,0615
US1WIBF0002,20220324,WESF,43,,,N,0614
US1WIBF0002,20220331,WESF,41,,,N,0615
US1WIBF0002,20220401,PRCP,0,T,,N,0616
US1WIBF0002,20220402,PRCP,0,T,,N,0616
US1WIBF0002,20220403,PRCP,0,T,,N,0616
US1WIBF0002,20220404,PRCP,5,,,N,0616
US1WIBF0002,20220405,PRCP,0,,,N,0616
US1WIBF0002,20220406,PRCP,119,,,N,0615
US1WIBF0002,20220407,PRCP,28,,,N,0611
US1WIBF0002,20220408,PRCP,58,,,N,0610
US1WIBF0002,20220409,PRCP,0,T,,N,0725
US1WIBF0002,20220410,PRCP,0,,,N,0611
US1WIBF0002,20220411,PRCP,0,,,N,0650
US1WIBF0002,20220412,PRCP,0,,,N,0622
US1WIBF0002,20220413,PRCP,279,,,N,0616
US1WIBF0002,20220414,PRCP,10,,,N,0618
US1WIBF0002,20220415,PRCP,5,,,N,0622
US1WIBF0002,20220416,PRCP,0,T,,N,0639
US1WIBF0002,20220417,PRCP,0,,,N,0630
US1WIBF0002,20220418,PRCP,0,T,,N,0629
US1WIBF0002,20220419,PRCP,10,,,N,0633
US1WIBF0002,20220420,PRCP,0,,,N,0628
US1WIBF0002,20220421,PRCP,84,,,N,0627
US1WIBF0002,20220422,PRCP,0,,,N,0634
US1WIBF0002,20220423,PRCP,127,,,N,0628
US1WIBF0002,20220424,PRCP,0,T,,N,0630
US1WIBF0002,20220425,PRCP,0,T,,N,0630
US1WIBF0002,20220426,PRCP,0,T,,N,0758
US1WIBF0002,20220427,PRCP,0,,,N,0630
US1WIBF0002,20220428,PRCP,0,,,N,0631
US1WIBF0002,20220429,PRCP,0,,,N,0626
US1WIBF0002,20220430,PRCP,51,,,N,0645
US1WIBF0002,20220405,SNOW,0,,,N,0616
US1WIBF0002,20220408,SNOW,25,,,N,0610
US1WIBF0002,20220410,SNOW,0,,,N,0611
US1WIBF0002,20220411,SNOW,0,,,N,0650
US1WIBF0002,20220412,SNOW,0,,,N,0622
US1WIBF0002,20220417,SNOW,0,,,N,0630
US1WIBF0002,20220420,SNOW,0,,,N,0628
US1WIBF0002,20220422,SNOW,0,,,N,0634
US1WIBF0002,20220427,SNOW,0,,,N,0630
US1WIBF0002,20220428,SNOW,0,,,N,0631
US1WIBF0002,20220429,SNOW,0,,,N,0626
US1WIBF0002,20220408,WESF,58,,,N,0610
US1WIBF0002,20220501,PRCP,137,,,N,0655
US1WIBF0002,20220502,PRCP,38,,,N,0630
US1WIBF0002,20220503,PRCP,0,T,,N,0630
US1WIBF0002,20220504,PRCP,0,,,N,0633
US1WIBF0002,20220505,PRCP,0,,,N,0619
US1WIBF0002,20220506,PRCP,0,,,N,0630
US1WIBF0002,20220507,PRCP,0,,,N,0647
US1WIBF0002,20220508,PRCP,0,,,N,0637
US1WIBF0002,20220509,PRCP,13,,,N,0636
US1WIBF0002,20220510,PRCP,287,,,N,0638
US1WIBF0002,20220511,PRCP,0,,,N,0633
US1WIBF0002,20220512,PRCP,46,,,N,0632
US1WIBF0002,20220513,PRCP,0,,,N,0633
US1WIBF0002,20220514,PRCP,0,,,N,0637
US1WIBF0002,20220515,PRCP,0,T,,N,0639
US1WIBF0002,20220516,PRCP,0,,,N,0635
US1WIBF0002,20220517,PRCP,0,,,N,0630
US1WIBF0002,20220518,PRCP,56,,,N,0657
US1WIBF0002,20220519,PRCP,20,,,N,0630
US1WIBF0002,20220520,PRCP,94,,,N,0620
US1WIBF0002,20220521,PRCP,23,,,N,0637
US1WIBF0002,20220522,PRCP,0,,,N,0627
US1WIBF0002,20220523,PRCP,0,,,N,0623
US1WIBF0002,20220524,PRCP,0,,,N,0622
US1WIBF0002,20220525,PRCP,119,,,N,0631
US1WIBF0002,20220526,PRCP,376,,,N,0621
US1WIBF0002,20220527,PRCP,10,,,N,0624
US1WIBF0002,20220528,PRCP,0,,,N,0625
US1WIBF0002,20220529,PRCP,25,,,N,0635
US1WIBF0002,20220530,PRCP,0,T,,N,0624
US1WIBF0002,20220531,PRCP,23,,,N,0628
US1WIBF0002,20220504,SNOW,0,,,N,0633
US1WIBF0002,20220505,SNOW,0,,,N,0619
US1WIBF0002,20220506,SNOW,0,,,N,0630
US1WIBF0002,20220507,SNOW,0,,,N,0647
US1WIBF0002,20220508,SNOW,0,,,N,0637
US1WIBF0002,20220511,SNOW,0,,,N,0633
US1WIBF0002,20220513,SNOW,0,,,N,0633
US1WIBF0002,20220514,SNOW,0,,,N,0637
US1WIBF0002,20220516,SNOW,0,,,N,0635
US1WIBF0002,20220517,SNOW,0,,,N,0630
US1WIBF0002,20220522,SNOW,0,,,N,0627
US1WIBF0002,20220523,SNOW,0,,,N,0623
US1WIBF0002,20220524,SNOW,0,,,N,0622
US1WIBF0002,20220528,SNOW,0,,,N,0625
US1WIBF0002,20220529,SNOW,0,,,N,0635
US1WIBF0002,20220601,PRCP,0,,,N,0619
US1WIBF0002,20220602,PRCP,0,,,N,0618
US1WIBF0002,20220603,PRCP,0,T,,N,0632
US1WIBF0002,20220604,PRCP,0,,,N,0700
US1WIBF0002,20220605,PRCP,0,,,N,0625
US1WIBF0002,20220606,PRCP,224,,,N,0621
US1WIBF0002,20220607,PRCP,15,,,N,0630
US1WIBF0002,20220608,PRCP,5,,,N,0620
US1WIBF0002,20220609,PRCP,8,,,N,0636
US1WIBF0002,20220610,PRCP,0,,,N,0635
US1WIBF0002,20220611,PRCP,0,,,N,0625
US1WIBF0002,20220612,PRCP,130,,,N,0627
US1WIBF0002,20220613,PRCP,0,,,N,0632
US1WIBF0002,20220614,PRCP,56,,,N,0627
US1WIBF0002,20220615,PRCP,66,,,N,0621
US1WIBF0002,20220616,PRCP,211,,,N,0630
US1WIBF0002,20220617,PRCP,0,,,N,0617
US1WIBF0002,20220618,PRCP,0,,,N,0605
US1WIBF0002,20220619,PRCP,0,,,N,0616
US1WIBF0002,20220620,PRCP,0,,,N,0634
US1WIBF0002,20220621,PRCP,56,,,N,0614
US1WIBF0002,20220622,PRCP,5,,,N,0614
US1WIBF0002,20220623,PRCP,0,,,N,0621
US1WIBF0002,20220624,PRCP,0,,,N,0618
US1WIBF0002,20220625,PRCP,0,,,N,0607
US1WIBF0002,20220626,PRCP,127,,,N,0624
US1WIBF0002,20220627,PRCP,0,,,N,0621
US1WIBF0002,20220628,PRCP,0,,,N,0600
US1WIBF0002,20220629,PRCP,13,,,N,0609
US1WIBF0002,20220630,PRCP,0,,,N,0611
US1WIBF0002,20220601,SNOW,0,,,N,0619
US1WIBF0002,20220602,SNOW,0,,,N,0618
US1WIBF0002,20220604,SNOW,0,,,N,0700
US1WIBF0002,20220605,SNOW,0,,,N,0625
US1WIBF0002,20220610,SNOW,0,,,N,0635
US1WIBF0002,20220611,SNOW,0,,,N,0625
US1WIBF0002,20220613,SNOW,0,,,N,0632
US1WIBF0002,20220617,SNOW,0,,,N,0617
US1WIBF0002,20220618,SNOW,0,,,N,0605
US1WIBF0002,20220619,SNOW,0,,,N,0616
US1WIBF0002,20220620,SNOW,0,,,N,0634
US1WIBF0002,20220623,SNOW,0,,,N,0621
US1WIBF0002,20220624,SNOW,0,,,N,0618
US1WIBF0002,20220625,SNOW,0,,,N,0607
US1WIBF0002,20220627,SNOW,0,,,N,0621
US1WIBF0002,20220628,SNOW,0,,,N,0600
US1WIBF0002,20220630,SNOW,0,,,N,0611
US1WIBF0002,20220701,PRCP,107,,,N,0617
US1WIBF0002,20220702,PRCP,0,,,N,0613
US1WIBF0002,20220703,PRCP,15,,,N,0626
US1WIBF0002,20220704,PRCP,0,,,N,0630
US1WIBF0002,20220705,PRCP,127,,,N,0633
US1WIBF0002,20220706,PRCP,64,,,N,0632
US1WIBF0002,20220707,PRCP,0,,,N,0625
US1WIBF0002,20220708,PRCP,46,,,N,0621
US1WIBF0002,20220709,PRCP,23,,,N,0618
US1WIBF0002,20220710,PRCP,0,,,N,0627
US1WIBF0002,20220711,PRCP,0,T,,N,0623
US1WIBF0002,20220712,PRCP,0,T,,N,0614
US1WIBF0002,20220713,PRCP,51,,,N,0625
US1WIBF0002,20220714,PRCP,0,,,N,0618
US1WIBF0002,20220715,PRCP,191,,,N,0641
US1WIBF0002,20220716,PRCP,25,,,N,0627
US1WIBF0002,20220717,PRCP,0,,,N,0620
US1WIBF0002,20220718,PRCP,0,,,N,0634
US1WIBF0002,20220719,PRCP,0,,,N,0629
US1WIBF0002,20220720,PRCP,0,T,,N,0613
US1WIBF0002,20220721,PRCP,10,,,N,0625
US1WIBF0002,20220722,PRCP,0,,,N,0616
US1WIBF0002,20220723,PRCP,0,,,N,0619
US1WIBF0002,20220724,PRCP,28,,,N,0614
US1WIBF0002,20220725,PRCP,0,,,N,0622
US1WIBF0002,20220726,PRCP,0,,,N,0616
US1WIBF0002,20220727,PRCP,30,,,N,0615
US1WIBF0002,20220728,PRCP,0,,,N,0615
US1WIBF0002,20220729,PRCP,0,,,N,0612
US1WIBF0002,20220730,PRCP,0,,,N,0611
US1WIBF0002,20220731,PRCP,0,,,N,0624
US1WIBF0002,20220702,SNOW,0,,,N,0613
US1WIBF0002,20220704,SNOW,0,,,N,0630
US1WIBF0002,20220707,SNOW,0,,,N,0625
US1WIBF0002,20220710,SNOW,0,,,N,0627
US1WIBF0002,20220714,SNOW,0,,,N,0618
US1WIBF0002,20220717,SNOW,0,,,N,0620
US1WIBF0002,20220718,SNOW,0,,,N,0634
US1WIBF0002,20220719,SNOW,0,,,N,0629
US1WIBF0002,20220722,SNOW,0,,,N,0616
US1WIBF0002,20220723,SNOW,0,,,N,0619
US1WIBF0002,20220725,SNOW,0,,,N,0622
US1WIBF0002,20220726,SNOW,0,,,N,0616
US1WIBF0002,20220728,SNOW,0,,,N,0615
US1WIBF0002,20220729,SNOW,0,,,N,0612
US1WIBF0002,20220730,SNOW,0,,,N,0611
US1WIBF0002,20220731,SNOW,0,,,N,0624
US1WIBF0002,20220801,PRCP,150,,,N,0622
US1WIBF0002,20220802,PRCP,0,,,N,0610
US1WIBF0002,20220803,PRCP,25,,,N,0615
US1WIBF0002,20220804,PRCP,3,,,N,0621
US1WIBF0002,20220805,PRCP,0,,,N,0619
US1WIBF0002,20220806,PRCP,0,,,N,0613
US1WIBF0002,20220807,PRCP,25,,,N,0554
US1WIBF0002,20220808,PRCP,102,,,N,0617
US1WIBF0002,20220809,PRCP,0,,,N,0639
US1WIBF0002,20220810,PRCP,5,,,N,0631
US1WIBF0002,20220811,PRCP,0,,,N,0628
US1WIBF0002,20220812,PRCP,0,,,N,0622
US1WIBF0002,20220813,PRCP,119,,,N,0608
US1WIBF0002,20220814,PRCP,0,T,,N,0607
US1WIBF0002,20220815,PRCP,0,,,N,0608
US1WIBF0002,20220816,PRCP,0,,,N,0625
US1WIBF0002,20220817,PRCP,0,,,N,0619
US1WIBF0002,20220818,PRCP,38,,,N,0604
US1WIBF0002,20220819,PRCP,165,,,N,0610
US1WIBF0002,20220820,PRCP,15,,,N,0611
US1WIBF0002,20220821,PRCP,38,,,N,0622
US1WIBF0002,20220822,PRCP,0,,,N,0631
US1WIBF0002,20220823,PRCP,3,,,N,0623
US1WIBF0002,20220824,PRCP,0,,,N,0631
US1WIBF0002,20220825,PRCP,41,,,N,0617
US1WIBF0002,20220826,PRCP,0,,,N,0600
US1WIBF0002,20220827,PRCP,13,,,N,0606
US1WIBF0002,20220828,PRCP,671,,,N,0630
US1WIBF0002,20220829,PRCP,10,,,N,0619
US1WIBF0002,20220830,PRCP,0,,,N,0621
US1WIBF0002,20220831,PRCP,0,,,N,0618
US1WIBF0002,20220802,SNOW,0,,,N,0610
US1WIBF0002,20220805,SNOW,0,,,N,0619
US1WIBF0002,20220806,SNOW,0,,,N,0613
US1WIBF0002,20220809,SNOW,0,,,N,0639
US1WIBF0002,20220811,SNOW,0,,,N,0628
US1WIBF0002,20220812,SNOW,0,,,N,0622
US1WIBF0002,20220815,SNOW,0,,,N,0608
US1WIBF0002,20220816,SNOW,0,,,N,0625
US1WIBF0002,20220817,SNOW,0,,,N,0619
US1WIBF0002,20220822,SNOW,0,,,N,0631
US1WIBF0002,20220824,SNOW,0,,,N,0631
US1WIBF0002,20220826,SNOW,0,,,N,0600
US1WIBF0002,20220830,SNOW,0,,,N,0621
US1WIBF0002,20220831,SNOW,0,,,N,0618
US1WIBF0002,20220901,PRCP,0,,,N,0624
US1WIBF0002,20220902,PRCP,0,,,N,0613
US1WIBF0002,20220903,PRCP,43,,,N,0700
US1WIBF0002,20220904,PRCP,0,,,N,0600
US1WIBF0002,20220905,PRCP,0,,,N,0559
US1WIBF0002,20220906,PRCP,0,,,N,0700
US1WIBF0002,20220907,PRCP,0,,,N,0557
US1WIBF0002,20220908,PRCP,5,,,N,0618
US1WIBF0002,20220909,PRCP,0,,,N,0600
US1WIBF0002,20220910,PRCP,61,,,N,0551
US1WIBF0002,20220911,PRCP,91,,,N,0602
US1WIBF0002,20220912,PRCP,0,,,N,0600
US1WIBF0002,20220913,PRCP,0,,,N,0600
US1WIBF0002,20220914,PRCP,0,,,N,0610
US1WIBF0002,20220915,PRCP,0,,,N,0600
US1WIBF0002,20220916,PRCP,0,,,N,0620
US1WIBF0002,20220917,PRCP,0,T,,N,0609
US1WIBF0002,20220918,PRCP,3,,,N,0618
US1WIBF0002,20220919,PRCP,10,,,N,0612
US1WIBF0002,20220920,PRCP,0,T,,N,0557
US1WIBF0002,20220921,PRCP,13,,,N,0610
US1WIBF0002,20220922,PRCP,0,,,N,0600
US1WIBF0002,20220923,PRCP,0,,,N,0600
US1WIBF0002,20220924,PRCP,5,,,N,0608
US1WIBF0002,20220925,PRCP,254,,,N,0620
US1WIBF0002,20220926,PRCP,0,,,N,0602
US1WIBF0002,20220927,PRCP,0,,,N,0618
US1WIBF0002,20220928,PRCP,0,,,N,0600
US1WIBF0002,20220929,PRCP,0,,,N,0545
US1WIBF0002,20220930,PRCP,0,,,N,0610
US1WIBF0002,20220901,SNOW,0,,,N,0624
US1WIBF0002,20220902,SNOW,0,,,N,0613
US1WIBF0002,20220904,SNOW,0,,,N,0600
US1WIBF0002,20220905,SNOW,0,,,N,0559
US1WIBF0002,20220906,SNOW,0,,,N,0700
US1WIBF0002,20220907,SNOW,0,,,N,0557
US1WIBF0002,20220909,SNOW,0,,,N,0600
US1WIBF0002,20220912,SNOW,0,,,N,0600
US1WIBF0002,20220913,SNOW,0,,,N,0600
US1WIBF0002,20220914,SNOW,0,,,N,0610
US1WIBF0002,20220915,SNOW,0,,,N,0600
US1WIBF0002,20220916,SNOW,0,,,N,0620
US1WIBF0002,20220922,SNOW,0,,,N,0600
US1WIBF0002,20220923,SNOW,0,,,N,0600
US1WIBF0002,20220926,SNOW,0,,,N,0602
US1WIBF0002,20220927,SNOW,0,,,N,0618
US1WIBF0002,20220928,SNOW,0,,,N,0600
US1WIBF0002,20220929,SNOW,0,,,N,0545
US1WIBF0002,20220930,SNOW,0,,,N,0610
US1WIBF0002,20221001,PRCP,0,,,N,0630
US1WIBF0002,20221002,PRCP,3,,,N,0630
US1WIBF0002,20221003,PRCP,0,,,N,0629
US1WIBF0002,20221004,PRCP,0,T,,N,0605
US1WIBF0002,20221005,PRCP,0,T,,N,0600
US1WIBF0002,20221006,PRCP,0,,,N,0600
US1WIBF0002,20221007,PRCP,18,,,N,0600
US1WIBF0002,20221008,PRCP,0,T,,N,0620
US1WIBF0002,20221009,PRCP,0,,,N,0616
US1WIBF0002,20221010,PRCP,0,,,N,0630
US1WIBF0002,20221011,PRCP,0,,,N,0611
US1WIBF0002,20221012,PRCP,8,,,N,0618
US1WIBF0002,20221013,PRCP,23,,,N,0543
US1WIBF0002,20221014,PRCP,0,T,,N,0545
US1WIBF0002,20221015,PRCP,25,,,N,0633
US1WIBF0002,20221016,PRCP,0,,,N,0625
US1WIBF0002,20221017,PRCP,8,,,N,0645
US1WIBF0002,20221018,PRCP,0,,,N,0615
US1WIBF0002,20221019,PRCP,0,,,N,0600
US1WIBF0002,20221020,PRCP,0,,,N,0546
US1WIBF0002,20221021,PRCP,0,,,N,0610
US1WIBF0002,20221022,PRCP,0,,,N,0700
US1WIBF0002,20221023,PRCP,0,,,N,0600
US1WIBF0002,20221024,PRCP,117,,,N,0600
US1WIBF0002,20221025,PRCP,160,,,N,0600
US1WIBF0002,20221026,PRCP,0,,,N,0550
US1WIBF0002,20221027,PRCP,0,,,N,0638
US1WIBF0002,20221028,PRCP,0,,,N,0620
US1WIBF0002,20221029,PRCP,0,,,N,0550
US1WIBF0002,20221030,PRCP,0,,,N,0612
US1WIBF0002,20221031,PRCP,0,,,N,0615
US1WIBF0002,20221001,SNOW,0,,,N,0630
US1WIBF0002,20221003,SNOW,0,,,N,0629
US1WIBF0002,20221006,SNOW,0,,,N,0600
US1WIBF0002,20221009,SNOW,0,,,N,0616
US1WIBF0002,20221010,SNOW,0,,,N,0630
US1WIBF0002,20221011,SNOW,0,,,N,0611
US1WIBF0002,20221015,SNOW,25,,,N,0633
US1WIBF0002,20221016,SNOW,0,,,N,0625
US1WIBF0002,20221018,SNOW,0,,,N,0615
US1WIBF0002,20221019,SNOW,0,,,N,0600
US1WIBF0002,20221020,SNOW,0,,,N,0546
US1WIBF0002,20221021,SNOW,0,,,N,0610
US1WIBF0002,20221022,SNOW,0,,,N,0700
US1WIBF0002,20221023,SNOW,0,,,N,0600
US1WIBF0002,20221026,SNOW,0,,,N,0550
US1WIBF0002,20221027,SNOW,0,,,N,0638
US1WIBF0002,20221028,SNOW,0,,,N,0620
US1WIBF0002,20221029,SNOW,0,,,N,0550
US1WIBF0002,20221030,SNOW,0,,,N,0612
US1WIBF0002,20221031,SNOW,0,,,N,0615
US1WIBF0002,20221015,WESF,25,,,N,0633
US1WIBF0002,20221108,PRCP,0,,,N,0545
US1WIBF0002,20221109,PRCP,74,,,N,0530
US1WIBF0002,20221110,PRCP,13,,,N,0530
US1WIBF0002,20221111,PRCP,10,,,N,0545
US1WIBF0002,20221112,PRCP,0,T,,N,0544
US1WIBF0002,20221113,PRCP,0,T,,N,0630
US1WIBF0002,20221114,PRCP,0,T,,N,0630
US1WIBF0002,20221115,PRCP,5,,,N,0630
US1WIBF0002,20221116,PRCP,15,,,N,0650
US1WIBF0002,20221117,PRCP,0,T,,N,0620
US1WIBF0002,20221118,PRCP,15,,,N,0630
US1WIBF0002,20221119,PRCP,5,,,N,0614
US1WIBF0002,20221120,PRCP,5,,,N,0545
US1WIBF0002,20221121,PRCP,0,,,N,0622
US1WIBF0002,20221122,PRCP,0,,,N,0625
US1WIBF0002,20221123,PRCP,0,,,N,0630
US1WIBF0002,20221124,PRCP,0,,,N,0630
US1WIBF0002,20221125,PRCP,0,,,N,0630
US1WIBF0002,20221126,PRCP,0,,,N,0630
US1WIBF0002,20221127,PRCP,0,,,N,0624
US1WIBF0002,20221128,PRCP,0,,,N,0630
US1WIBF0002,20221129,PRCP,0,,,N,0620
US1WIBF0002,20221130,PRCP,71,,,N,0622
US1WIBF0002,20221108,SNOW,0,,,N,0545
US1WIBF0002,20221116,SNOW,5,,,N,0650
US1WIBF0002,20221118,SNOW,25,,,N,0630
US1WIBF0002,20221119,SNOW,10,,,N,0614
US1WIBF0002,20221120,SNOW,10,,,N,0545
US1WIBF0002,20221121,SNOW,0,,,N,0622
US1WIBF0002,20221122,SNOW,0,,,N,0625
US1WIBF0002,20221123,SNOW,0,,,N,0630
US1WIBF0002,20221124,SNOW,0,,,N,0630
US1WIBF0002,20221125,SNOW,0,,,N,0630
US1WIBF0002,20221126,SNOW,0,,,N,0630
US1WIBF0002,20221127,SNOW,0,,,N,0624
US1WIBF0002,20221128,SNOW,0,,,N,0630
US1WIBF0002,20221129,SNOW,0,,,N,0620
US1WIBF0002,20221130,SNOW,69,,,N,0622
US1WIBF0002,20221118,SNWD,46,,,N,0630
US1WIBF0002,20221107,DAPR,7,,,N,1900
US1WIBF0002,20221107,MDPR,226,,,N,1900
US1WIBF0002,20221112,WESF,0,T,,N,0544
US1WIBF0002,20221116,WESF,15,,,N,0650
US1WIBF0002,20221118,WESF,15,,,N,0630
US1WIBF0002,20221119,WESF,5,,,N,0614
US1WIBF0002,20221120,WESF,5,,,N,0545
US1WIBF0002,20221130,WESF,66,,,N,0622
US1WIBF0002,20221201,PRCP,0,T,,N,0600
US1WIBF0002,20221202,PRCP,0,,,N,0622
US1WIBF0002,20221203,PRCP,5,,,N,0614
US1WIBF0002,20221204,PRCP,0,,,N,0650
US1WIBF0002,20221205,PRCP,0,,,N,0700
US1WIBF0002,20221206,PRCP,0,T,,N,0621
US1WIBF0002,20221207,PRCP,0,,,N,0700
US1WIBF0002,20221208,PRCP,0,,,N,0619
US1WIBF0002,20221209,PRCP,0,,,N,0630
US1WIBF0002,20221210,PRCP,3,,,N,0614
US1WIBF0002,20221211,PRCP,56,,,N,0621
US1WIBF0002,20221212,PRCP,0,,,N,0611
US1WIBF0002,20221213,PRCP,0,,,N,0700
US1WIBF0002,20221214,PRCP,127,,,N,0625
US1WIBF0002,20221215,PRCP,157,,,N,0630
US1WIBF0002,20221216,PRCP,53,,,N,0630
US1WIBF0002,20221217,PRCP,38,,,N,0622
US1WIBF0002,20221218,PRCP,5,,,N,0630
US1WIBF0002,20221219,PRCP,0,,,N,0630
US1WIBF0002,20221220,PRCP,20,,,N,0545
US1WIBF0002,20221221,PRCP,0,,,N,0600
US1WIBF0002,20221222,PRCP,84,,,N,0630
US1WIBF0002,20221223,PRCP,0,,,N,0630
US1WIBF0002,20221224,PRCP,0,,,N,0621
US1WIBF0002,20221225,PRCP,0,,,N,0620
US1WIBF0002,20221226,PRCP,0,,,N,0600
US1WIBF0002,20221227,PRCP,0,,,N,0700
US1WIBF0002,20221228,PRCP,0,,,N,0700
US1WIBF0002,20221229,PRCP,0,,,N,0630
US1WIBF0002,20221230,PRCP,0,T,,N,0700
US1WIBF0002,20221231,PRCP,0,,,N,0700
US1WIBF0002,20221202,SNOW,0,,,N,0622
US1WIBF0002,20221203,SNOW,3,,,N,0614
US1WIBF0002,20221204,SNOW,0,,,N,0650
US1WIBF0002,20221205,SNOW,0,,,N,0700
US1WIBF0002,20221207,SNOW,0,,,N,0700
US1WIBF0002,20221208,SNOW,0,,,N,0619
US1WIBF0002,20221209,SNOW,0,,,N,0630
US1WIBF0002,20221210,SNOW,5,,,N,0614
US1WIBF0002,20221212,SNOW,0,,,N,0611
US1WIBF0002,20221213,SNOW,0,,,N,0700
US1WIBF0002,20221214,SNOW,5,,,N,0625
US1WIBF0002,20221215,SNOW,76,,,N,0630
US1WIBF0002,20221216,SNOW,46,,,N,0630
US1WIBF0002,20221217,SNOW,51,,,N,0622
US1WIBF0002,20221218,SNOW,18,,,N,0630
US1WIBF0002,20221219,SNOW,0,,,N,0630
US1WIBF0002,20221220,SNOW,38,,,N,0545
US1WIBF0002,20221221,SNOW,0,,,N,0600
US1WIBF0002,20221222,SNOW,89,,,N,0630
US1WIBF0002,20221223,SNOW,0,,,N,0630
US1WIBF0002,20221224,SNOW,0,,,N,0621
US1WIBF0002,20221225,SNOW,0,,,N,0620
US1WIBF0002,20221226,SNOW,0,,,N,0600
US1WIBF0002,20221227,SNOW,0,,,N,0700
US1WIBF0002,20221228,SNOW,0,,,N,0700
US1WIBF0002,20221229,SNOW,0,,,N,0630
US1WIBF0002,20221231,SNOW,0,,,N,0700
US1WIBF0002,20221210,SNWD,5,,,N,0614
US1WIBF0002,20221210,WESD,3,,,N,0614
US1WIBF0002,20221203,WESF,5,,,N,0614
US1WIBF0002,20221210,WESF,3,,,N,0614
US1WIBF0002,20221215,WESF,157,,,N,0630
US1WIBF0002,20221216,WESF,53,,,N,0630
US1WIBF0002,20221217,WESF,38,,,N,0622
US1WIBF0002,20221218,WESF,5,,,N,0630
US1WIBF0002,20221220,WESF,20,,,N,0545
US1WIBF0002,20221222,WESF,84,,,N,0630
US1WIBF0002,20230101,PRCP,0,,,N,0615
US1WIBF0002,20230102,PRCP,0,,,N,0627
US1WIBF0002,20230103,PRCP,5,,,N,0700
US1WIBF0002,20230104,PRCP,165,,,N,0610
US1WIBF0002,20230105,PRCP,46,,,N,0645
US1WIBF0002,20230106,PRCP,0,T,,N,0700
US1WIBF0002,20230107,PRCP,0,,,N,0614
US1WIBF0002,20230108,PRCP,0,,,N,0606
US1WIBF0002,20230109,PRCP,0,,,N,0619
US1WIBF0002,20230110,PRCP,0,,,N,0630
US1WIBF0002,20230111,PRCP,0,T,,N,0630
US1WIBF0002,20230112,PRCP,0,,,N,0619
US1WIBF0002,20230113,PRCP,0,T,,N,0619
US1WIBF0002,20230114,PRCP,0,,,N,0614
US1WIBF0002,20230115,PRCP,0,,,N,0630
US1WIBF0002,20230116,PRCP,0,T,,N,0630
US1WIBF0002,20230117,PRCP,112,,,N,0700
US1WIBF0002,20230118,PRCP,0,T,,N,0505
US1WIBF0002,20230119,PRCP,76,,,N,0618
US1WIBF0002,20230120,PRCP,13,,,N,0630
US1WIBF0002,20230121,PRCP,0,,,N,0620
US1WIBF0002,20230122,PRCP,0,,,N,0625
US1WIBF0002,20230123,PRCP,0,,,N,0619
US1WIBF0002,20230124,PRCP,0,,,N,0615
US1WIBF0002,20230125,PRCP,0,,,N,0630
US1WIBF0002,20230126,PRCP,23,,,N,0630
US1WIBF0002,20230127,PRCP,15,,,N,0630
US1WIBF0002,20230128,PRCP,10,,,N,0700
US1WIBF0002,20230129,PRCP,0,,,N,0650
US1WIBF0002,20230130,PRCP,0,,,N,0700
US1WIBF0002,20230131,PRCP,0,,,N,0630
US1WIBF0002,20230101,SNOW,0,,,N,0615
US1WIBF0002,20230102,SNOW,0,,,N,0627
US1WIBF0002,20230103,SNOW,8,,,N,0700
US1WIBF0002,20230105,SNOW,8,,,N,0645
US1WIBF0002,20230107,SNOW,0,,,N,0614
US1WIBF0002,20230108,SNOW,0,,,N,0606
US1WIBF0002,20230109,SNOW,0,,,N,0619
US1WIBF0002,20230110,SNOW,0,,,N,0630
US1WIBF0002,20230112,SNOW,0,,,N,0619
US1WIBF0002,20230114,SNOW,0,,,N,0614
US1WIBF0002,20230115,SNOW,0,,,N,0630
US1WIBF0002,20230119,SNOW,122,,,N,0618
US1WIBF0002,20230120,SNOW,18,,,N,0630
US1WIBF0002,20230121,SNOW,0,,,N,0620
US1WIBF0002,20230122,SNOW,0,,,N,0625
US1WIBF0002,20230123,SNOW,0,,,N,0619
US1WIBF0002,20230124,SNOW,0,,,N,0615
US1WIBF0002,20230125,SNOW,0,,,N,0630
US1WIBF0002,20230126,SNOW,30,,,N,0630
US1WIBF0002,20230127,SNOW,13,,,N,0630
US1WIBF0002,20230128,SNOW,13,,,N,0700
US1WIBF0002,20230129,SNOW,0,,,N,0650
US1WIBF0002,20230130,SNOW,0,,,N,0700
US1WIBF0002,20230131,SNOW,0,,,N,0630
US1WIBF0002,20230103,WESF,5,,,N,0700
US1WIBF0002,20230105,WESF,5,,,N,0645
US1WIBF0002,20230119,WESF,76,,,N,0618
US1WIBF0002,20230120,WESF,13,,,N,0630
US1WIBF0002,20230126,WESF,23,,,N,0630
US1WIBF0002,20230127,WESF,15,,,N,0630
US1WIBF0002,20230128,WESF,10,,,N,0700
US1WIBF0002,20230201,PRCP,0,,,N,0510
US1WIBF0002,20230202,PRCP,0,,,N,0600
US1WIBF0002,20230203,PRCP,0,,,N,0610
US1WIBF0002,20230204,PRCP,0,,,N,0615
US1WIBF0002,20230205,PRCP,0,,,N,0650
US1WIBF0002,20230206,PRCP,0,,,N,0630
US1WIBF0002,20230207,PRCP,3,,,N,0645
US1WIBF0002,20230208,PRCP,0,,,N,0615
US1WIBF0002,20230209,PRCP,0,,,N,0614
US1WIBF0002,20230210,PRCP,0,T,,N,0625
US1WIBF0002,20230211,PRCP,0,,,N,0612
US1WIBF0002,20230212,PRCP,0,,,N,0650
US1WIBF0002,20230213,PRCP,0,,,N,0622
US1WIBF0002,20230214,PRCP,0,,,N,0610
US1WIBF0002,20230215,PRCP,213,,,N,0615
US1WIBF0002,20230216,PRCP,3,,,N,0610
US1WIBF0002,20230217,PRCP,0,,,N,0640
US1WIBF0002,20230218,PRCP,0,,,N,0700
US1WIBF0002,20230219,PRCP,0,,,N,0630
US1WIBF0002,20230220,PRCP,0,,,N,0640
US1WIBF0002,20230221,PRCP,18,,,N,0630
US1WIBF0002,20230222,PRCP,122,,,N,0630
US1WIBF0002,20230223,PRCP,180,,,N,0615
US1WIBF0002,20230224,PRCP,79,,,N,0615
US1WIBF0002,20230225,PRCP,15,,,N,0645
US1WIBF0002,20230226,PRCP,0,,,N,0615
US1WIBF0002,20230227,PRCP,160,,,N,0700
US1WIBF0002,20230228,PRCP,56,,,N,0615
US1WIBF0002,20230201,SNOW,0,,,N,0510
US1WIBF0002,20230202,SNOW,0,,,N,0600
US1WIBF0002,20230203,SNOW,0,,,N,0610
US1WIBF0002,20230204,SNOW,0,,,N,0615
US1WIBF0002,20230205,SNOW,0,,,N,0650
US1WIBF0002,20230206,SNOW,0,,,N,0630
US1WIBF0002,20230208,SNOW,0,,,N,0615
US1WIBF0002,20230209,SNOW,0,,,N,0614
US1WIBF0002,20230211,SNOW,0,,,N,0612
US1WIBF0002,20230212,SNOW,0,,,N,0650
US1WIBF0002,20230213,SNOW,0,,,N,0622
US1WIBF0002,20230214,SNOW,0,,,N,0610
US1WIBF0002,20230217,SNOW,0,,,N,0640
US1WIBF0002,20230218,SNOW,0,,,N,0700
US1WIBF0002,20230219,SNOW,0,,,N,0630
US1WIBF0002,20230220,SNOW,0,,,N,0640
US1WIBF0002,20230221,SNOW,46,,,N,0630
US1WIBF0002,20230222,SNOW,140,,,N,0630
US1WIBF0002,20230223,SNOW,178,,,N,0615
US1WIBF0002,20230224,SNOW,64,,,N,0615
US1WIBF0002,20230225,SNOW,25,,,N,0645
US1WIBF0002,20230226,SNOW,0,,,N,0615
US1WIBF0002,20230223,SNWD,381,,,N,0615
US1WIBF0002,20230221,WESF,18,,,N,0630
US1WIBF0002,20230222,WESF,122,,,N,0630
US1WIBF0002,20230223,WESF,180,,,N,0615
US1WIBF0002,20230224,WESF,79,,,N,0615
US1WIBF0002,20230225,WESF,15,,,N,0645
US1WIBF0002,20230301,PRCP,5,,,N,0630
US1WIBF0002,20230302,PRCP,18,,,N,0630
US1WIBF0002,20230303,PRCP,0,,,N,0645
US1WIBF0002,20230304,PRCP,0,,,N,0645
US1WIBF0002,20230305,PRCP,0,,,N,0645
US1WIBF0002,20230306,PRCP,81,,,N,0615
US1WIBF0002,20230307,PRCP,23,,,N,0620
US1WIBF0002,20230308,PRCP,0,,,N,0630
US1WIBF0002,20230309,PRCP,0,,,N,0630
US1WIBF0002,20230310,PRCP,127,,,N,0615
US1WIBF0002,20230311,PRCP,15,,,N,0625
US1WIBF0002,20230312,PRCP,81,,,N,0700
US1WIBF0002,20230313,PRCP,43,,,N,0635
US1WIBF0002,20230314,PRCP,0,T,,N,0610
US1WIBF0002,20230315,PRCP,0,,,N,0615
US1WIBF0002,20230316,PRCP,0,,,N,0645
US1WIBF0002,20230317,PRCP,89,,,N,0615
US1WIBF0002,20230318,PRCP,0,T,,N,0630
US1WIBF0002,20230319,PRCP,0,,,N,0615
US1WIBF0002,20230320,PRCP,0,,,N,0630
US1WIBF0002,20230321,PRCP,0,,,N,0645
US1WIBF0002,20230322,PRCP,56,,,N,0615
US1WIBF0002,20230323,PRCP,0,,,N,0630
US1WIBF0002,20230324,PRCP,0,,,N,0615
US1WIBF0002,20230325,PRCP,0,,,N,0600
US1WIBF0002,20230327,PRCP,0,,,N,0620
US1WIBF0002,20230328,PRCP,0,,,N,0610
US1WIBF0002,20230329,PRCP,0,,,N,0610
US1WIBF0002,20230330,PRCP,0,,,N,0600
US1WIBF0002,20230331,PRCP,147,,,N,0615
US1WIBF0002,20230301,SNOW,8,,,N,0630
US1WIBF0002,20230303,SNOW,0,,,N,0645
US1WIBF0002,20230304,SNOW,0,,,N,0645
US1WIBF0002,20230305,SNOW,0,,,N,0645
US1WIBF0002,20230306,SNOW,25,,,N,0615
US1WIBF0002,20230308,SNOW,0,,,N,0630
US1WIBF0002,20230309,SNOW,0,,,N,0630
US1WIBF0002,20230310,SNOW,193,,,N,0615
US1WIBF0002,20230312,SNOW,91,,,N,0700
US1WIBF0002,20230313,SNOW,53,,,N,0635
US1WIBF0002,20230315,SNOW,0,,,N,0615
US1WIBF0002,20230316,SNOW,0,,,N,0645
US1WIBF0002,20230317,SNOW,13,,,N,0615
US1WIBF0002,20230319,SNOW,0,,,N,0615
US1WIBF0002,20230320,SNOW,0,,,N,0630
US1WIBF0002,20230321,SNOW,0,,,N,0645
US1WIBF0002,20230323,SNOW,0,,,N,0630
US1WIBF0002,20230324,SNOW,0,,,N,0615
US1WIBF0002,20230325,SNOW,0,,,N,0600
US1WIBF0002,20230327,SNOW,0,,,N,0620
US1WIBF0002,20230328,SNOW,0,,,N,0610
US1WIBF0002,20230329,SNOW,0,,,N,0610
US1WIBF0002,20230330,SNOW,0,,,N,0600
US1WIBF0002,20230301,WESF,51,,,N,0630
US1WIBF0002,20230306,WESF,81,,,N,0615
US1WIBF0002,20230310,WESF,127,,,N,0615
US1WIBF0002,20230312,WESF,81,,,N,0700
US1WIBF0002,20230313,WESF,43,,,N,0635
US1WIBF0002,20230317,WESF,13,,,N,0615
US1WIBF0002,20230401,PRCP,432,,,N,0645
US1WIBF0002,20230402,PRCP,0,T,,N,0630
US1WIBF0002,20230404,PRCP,0,,,N,0700
US1WIBF0002,20230405,PRCP,244,,,N,0700
US1WIBF0002,20230406,PRCP,0,,,N,0630
US1WIBF0002,20230407,PRCP,0,,,N,0640
US1WIBF0002,20230408,PRCP,0,,,N,0712
US1WIBF0002,20230409,PRCP,0,,,N,0645
US1WIBF0002,20230410,PRCP,0,,,N,0645
US1WIBF0002,20230411,PRCP,0,,,N,0633
US1WIBF0002,20230412,PRCP,0,,,N,0625
US1WIBF0002,20230413,PRCP,0,,,N,0620
US1WIBF0002,20230414,PRCP,0,,,N,0620
US1WIBF0002,20230415,PRCP,0,,,N,0630
US1WIBF0002,20230416,PRCP,114,,,N,0630
US1WIBF0002,20230417,PRCP,226,,,N,0630
US1WIBF0002,20230418,PRCP,0,,,N,0615
US1WIBF0002,20230419,PRCP,71,,,N,0615
US1WIBF0002,20230420,PRCP,226,,,N,0610
US1WIBF0002,20230421,PRCP,122,,,N,0630
US1WIBF0002,20230422,PRCP,18,,,N,0630
US1WIBF0002,20230423,PRCP,5,,,N,0630
US1WIBF0002,20230424,PRCP,0,T,,N,0630
US1WIBF0002,20230425,PRCP,0,T,,N,0630
US1WIBF0002,20230426,PRCP,0,,,N,0630
US1WIBF0002,20230427,PRCP,0,T,,N,0610
US1WIBF0002,20230428,PRCP,0,T,,N,0619
US1WIBF0002,20230429,PRCP,25,,,N,0630
US1WIBF0002,20230430,PRCP,74,,,N,0630
US1WIBF0002,20230401,SNOW,56,,,N,0645
US1WIBF0002,20230404,SNOW,0,,,N,0700
US1WIBF0002,20230406,SNOW,0,,,N,0630
US1WIBF0002,20230407,SNOW,0,,,N,0640
US1WIBF0002,20230408,SNOW,0,,,N,0712
US1WIBF0002,20230409,SNOW,0,,,N,0645
US1WIBF0002,20230410,SNOW,0,,,N,0645
US1WIBF0002,20230411,SNOW,0,,,N,0633
US1WIBF0002,20230412,SNOW,0,,,N,0625
US1WIBF0002,20230413,SNOW,0,,,N,0620
US1WIBF0002,20230414,SNOW,0,,,N,0620
US1WIBF0002,20230415,SNOW,0,,,N,0630
US1WIBF0002,20230417,SNOW,234,,,N,0630
US1WIBF0002,20230418,SNOW,0,,,N,0615
US1WIBF0002,20230426,SNOW,0,,,N,0630
US1WIBF0002,20230417,WESF,226,,,N,0630
US1WIBF0002,20230501,PRCP,33,,,N,0630
US1WIBF0002,20230502,PRCP,0,,,N,0630
US1WIBF0002,20230503,PRCP,0,,,N,0630
US1WIBF0002,20230504,PRCP,0,,,N,0630
US1WIBF0002,20230505,PRCP,0,,,N,0630
US1WIBF0002,20230506,PRCP,168,,,N,0620
US1WIBF0002,20230507,PRCP,251,,,N,0610
US1WIBF0002,20230508,PRCP,0,,,N,0615
US1WIBF0002,20230509,PRCP,18,,,N,0710
US1WIBF0002,20230510,PRCP,0,,,N,0630
US1WIBF0002,20230511,PRCP,0,,,N,0630
US1WIBF0002,20230512,PRCP,0,T,,N,0622
US1WIBF0002,20230513,PRCP,48,,,N,0645
US1WIBF0002,20230514,PRCP,58,,,N,0700
US1WIBF0002,20230515,PRCP,46,,,N,0600
US1WIBF0002,20230516,PRCP,0,,,N,0630
US1WIBF0002,20230517,PRCP,0,,,N,0630
US1WIBF0002,20230518,PRCP,0,,,N,0550
US1WIBF0002,20230519,PRCP,0,T,,N,0610
US1WIBF0002,20230520,PRCP,0,,,N,0620
US1WIBF0002,20230521,PRCP,0,,,N,0700
US1WIBF0002,20230522,PRCP,0,,,N,0615
US1WIBF0002,20230523,PRCP,0,,,N,0630
US1WIBF0002,20230524,PRCP,0,,,N,0600
US1WIBF0002,20230525,PRCP,0,,,N,0630
US1WIBF0002,20230526,PRCP,0,,,N,0615
US1WIBF0002,20230527,PRCP,0,,,N,0622
US1WIBF0002,20230528,PRCP,0,,,N,0615
US1WIBF0002,20230529,PRCP,0,,,N,0615
US1WIBF0002,20230530,PRCP,0,,,N,0600
US1WIBF0002,20230531,PRCP,0,,,N,0620
US1WIBF0002,20230502,SNOW,0,,,N,0630
US1WIBF0002,20230503,SNOW,0,,,N,0630
US1WIBF0002,20230504,SNOW,0,,,N,0630
US1WIBF0002,20230505,SNOW,0,,,N,0630
US1WIBF0002,20230508,SNOW,0,,,N,0615
US1WIBF0002,20230510,SNOW,0,,,N,0630
US1WIBF0002,20230511,SNOW,0,,,N,0630
US1WIBF0002,20230516,SNOW,0,,,N,0630
US1WIBF0002,20230517,SNOW,0,,,N,0630
US1WIBF0002,20230518,SNOW,0,,,N,0550
US1WIBF0002,20230520,SNOW,0,,,N,0620
US1WIBF0002,20230521,SNOW,0,,,N,0700
US1WIBF0002,20230522,SNOW,0,,,N,0615
US1WIBF0002,20230523,SNOW,0,,,N,0630
US1WIBF0002,20230524,SNOW,0,,,N,0600
US1WIBF0002,20230525,SNOW,0,,,N,0630
US1WIBF0002,20230526,SNOW,0,,,N,0615
US1WIBF0002,20230527,SNOW,0,,,N,0622
US1WIBF0002,20230528,SNOW,0,,,N,0615
US1WIBF0002,20230529,SNOW,0,,,N,0615
US1WIBF0002,20230530,SNOW,0,,,N,0600
US1WIBF0002,20230531,SNOW,0,,,N,0620
US1WIBF0002,20230601,PRCP,0,,,N,0630
US1WIBF0002,20230602,PRCP,0,,,N,0615
US1WIBF0002,20230603,PRCP,48,,,N,0630
US1WIBF0002,20230604,PRCP,0,,,N,0630
US1WIBF0002,20230605,PRCP,0,,,N,0600
US1WIBF0002,20230606,PRCP,0,,,N,0600
US1WIBF0002,20230607,PRCP,0,T,,N,0610
US1WIBF0002,20230608,PRCP,0,,,N,0600
US1WIBF0002,20230609,PRCP,0,,,N,0615
US1WIBF0002,20230610,PRCP,0,,,N,0625
US1WIBF0002,20230611,PRCP,8,,,N,0625
US1WIBF0002,20230612,PRCP,0,,,N,0600
US1WIBF0002,20230613,PRCP,0,T,,N,0645
US1WIBF0002,20230614,PRCP,0,,,N,0610
US1WIBF0002,20230615,PRCP,0,,,N,0615
US1WIBF0002,20230616,PRCP,0,,,N,0630
US1WIBF0002,20230617,PRCP,0,,,N,0600
US1WIBF0002,20230619,PRCP,203,,,N,0630
US1WIBF0002,20230620,PRCP,0,,,N,0610
US1WIBF0002,20230621,PRCP,0,,,N,0520
US1WIBF0002,20230622,PRCP,0,,,N,0630
US1WIBF0002,20230623,PRCP,0,,,N,0700
US1WIBF0002,20230624,PRCP,0,,,N,0630
US1WIBF0002,20230625,PRCP,0,T,,N,0625
US1WIBF0002,20230626,PRCP,13,,,N,0630
US1WIBF0002,20230627,PRCP,0,,,N,0630
US1WIBF0002,20230628,PRCP,0,T,,N,0630
US1WIBF0002,20230629,PRCP,0,,,N,0630
US1WIBF0002,20230630,PRCP,0,T,,N,0600
US1WIBF0002,20230601,SNOW,0,,,N,0630
US1WIBF0002,20230602,SNOW,0,,,N,0615
US1WIBF0002,20230604,SNOW,0,,,N,0630
US1WIBF0002,20230605,SNOW,0,,,N,0600
US1WIBF0002,20230606,SNOW,0,,,N,0600
US1WIBF0002,20230608,SNOW,0,,,N,0600
US1WIBF0002,20230609,SNOW,0,,,N,0615
US1WIBF0002,20230610,SNOW,0,,,N,0625
US1WIBF0002,20230612,SNOW,0,,,N,0600
US1WIBF0002,20230614,SNOW,0,,,N,0610
US1WIBF0002,20230615,SNOW,0,,,N,0615
US1WIBF0002,20230616,SNOW,0,,,N,0630
US1WIBF0002,20230617,SNOW,0,,,N,0600
US1WIBF0002,20230620,SNOW,0,,,N,0610
US1WIBF0002,20230621,SNOW,0,,,N,0520
US1WIBF0002,20230622,SNOW,0,,,N,0630
US1WIBF0002,20230623,SNOW,0,,,N,0700
US1WIBF0002,20230624,SNOW,0,,,N,0630
US1WIBF0002,20230627,SNOW,0,,,N,0630
US1WIBF0002,20230629,SNOW,0,,,N,0630
US1WIBF0002,20230701,PRCP,0,,,N,0630
US1WIBF0002,20230702,PRCP,0,,,N,0640
US1WIBF0002,20230703,PRCP,0,,,N,0540
US1WIBF0002,20230704,PRCP,274,,,N,0640
US1WIBF0002,20230705,PRCP,36,,,N,0620
US1WIBF0002,20230706,PRCP,0,,,N,0640
US1WIBF0002,20230707,PRCP,0,,,N,0630
US1WIBF0002,20230708,PRCP,0,T,,N,0630
US1WIBF0002,20230709,PRCP,0,,,N,0700
US1WIBF0002,20230710,PRCP,0,,,N,0615
US1WIBF0002,20230711,PRCP,69,,,N,0630
US1WIBF0002,20230712,PRCP,0,T,,N,0630
US1WIBF0002,20230713,PRCP,36,,,N,0630
US1WIBF0002,20230714,PRCP,191,,,N,0605
US1WIBF0002,20230715,PRCP,0,T,,N,0630
US1WIBF0002,20230716,PRCP,0,,,N,0600
US1WIBF0002,20230717,PRCP,0,,,N,0630
US1WIBF0002,20230718,PRCP,0,,,N,0700
US1WIBF0002,20230719,PRCP,0,,,N,0615
US1WIBF0002,20230720,PRCP,36,,,N,0645
US1WIBF0002,20230721,PRCP,0,,,N,0620
US1WIBF0002,20230722,PRCP,0,,,N,0620
US1WIBF0002,20230723,PRCP,74,,,N,0630
US1WIBF0002,20230724,PRCP,0,,,N,0630
US1WIBF0002,20230725,PRCP,0,,,N,0700
US1WIBF0002,20230726,PRCP,208,,,N,0630
US1WIBF0002,20230727,PRCP,61,,,N,0630
US1WIBF0002,20230728,PRCP,84,,,N,0645
US1WIBF0002,20230729,PRCP,213,,,N,0615
US1WIBF0002,20230730,PRCP,0,,,N,0700
US1WIBF0002,20230731,PRCP,0,,,N,0615
US1WIBF0002,20230701,SNOW,0,,,N,0630
US1WIBF0002,20230702,SNOW,0,,,N,0640
US1WIBF0002,20230703,SNOW,0,,,N,0540
US1WIBF0002,20230706,SNOW,0,,,N,0640
US1WIBF0002,20230707,SNOW,0,,,N,0630
US1WIBF0002,20230709,SNOW,0,,,N,0700
US1WIBF0002,20230710,SNOW,0,,,N,0615
US1WIBF0002,20230716,SNOW,0,,,N,0600
US1WIBF0002,20230717,SNOW,0,,,N,0630
US1WIBF0002,20230718,SNOW,0,,,N,0700
US1WIBF0002,20230719,SNOW,0,,,N,0615
US1WIBF0002,20230721,SNOW,0,,,N,0620
US1WIBF0002,20230722,SNOW,0,,,N,0620
US1WIBF0002,20230724,SNOW,0,,,N,0630
US1WIBF0002,20230725,SNOW,0,,,N,0700
US1WIBF0002,20230730,SNOW,0,,,N,0700
US1WIBF0002,20230731,SNOW,0,,,N,0615
US1WIBF0002,20230801,PRCP,0,,,N,0700
US1WIBF0002,20230802,PRCP,0,,,N,0645
US1WIBF0002,20230803,PRCP,0,,,N,0610
US1WIBF0002,20230804,PRCP,0,,,N,0630
US1WIBF0002,20230805,PRCP,0,,,N,0630
US1WIBF0002,20230806,PRCP,0,,,N,0700
US1WIBF0002,20230807,PRCP,58,,,N,0620
US1WIBF0002,20230808,PRCP,0,,,N,0630
US1WIBF0002,20230809,PRCP,0,,,N,0645
US1WIBF0002,20230810,PRCP,0,T,,N,0630
US1WIBF0002,20230811,PRCP,71,,,N,0630
US1WIBF0002,20230812,PRCP,213,,,N,0630
US1WIBF0002,20230813,PRCP,0,,,N,0630
US1WIBF0002,20230814,PRCP,79,,,N,0615
US1WIBF0002,20230815,PRCP,28,,,N,0630
US1WIBF0002,20230816,PRCP,0,,,N,0630
US1WIBF0002,20230817,PRCP,0,T,,N,0700
US1WIBF0002,20230818,PRCP,0,,,N,0620
US1WIBF0002,20230819,PRCP,0,,,N,0630
US1WIBF0002,20230820,PRCP,0,,,N,0615
US1WIBF0002,20230821,PRCP,0,,,N,0700
US1WIBF0002,20230822,PRCP,0,T,,N,0630
US1WIBF0002,20230823,PRCP,0,,,N,0630
US1WIBF0002,20230824,PRCP,0,,,N,0645
US1WIBF0002,20230825,PRCP,0,,,N,0630
US1WIBF0002,20230826,PRCP,0,,,N,0700
US1WIBF0002,20230827,PRCP,0,,,N,0630
US1WIBF0002,20230828,PRCP,0,,,N,0645
US1WIBF0002,20230829,PRCP,0,,,N,0645
US1WIBF0002,20230830,PRCP,0,,,N,0630
US1WIBF0002,20230831,PRCP,0,,,N,0645
US1WIBF0002,20230801,SNOW,0,,,N,0700
US1WIBF0002,20230802,SNOW,0,,,N,0645
US1WIBF0002,20230803,SNOW,0,,,N,0610
US1WIBF0002,20230804,SNOW,0,,,N,0630
US1WIBF0002,20230805,SNOW,0,,,N,0630
US1WIBF0002,20230806,SNOW,0,,,N,0700
US1WIBF0002,20230808,SNOW,0,,,N,0630
US1WIBF0002,20230809,SNOW,0,,,N,0645
US1WIBF0002,20230813,SNOW,0,,,N,0630
US1WIBF0002,20230816,SNOW,0,,,N,0630
US1WIBF0002,20230818,SNOW,0,,,N,0620
US1WIBF0002,20230819,SNOW,0,,,N,0630
US1WIBF0002,20230820,SNOW,0,,,N,0615
US1WIBF0002,20230821,SNOW,0,,,N,0700
US1WIBF0002,20230823,SNOW,0,,,N,0630
US1WIBF0002,20230824,SNOW,0,,,N,0645
US1WIBF0002,20230825,SNOW,0,,,N,0630
US1WIBF0002,20230826,SNOW,0,,,N,0700
US1WIBF0002,20230827,SNOW,0,,,N,0630
US1WIBF0002,20230828,SNOW,0,,,N,0645
US1WIBF0002,20230829,SNOW,0,,,N,0645
US1WIBF0002,20230830,SNOW,0,,,N,0630
US1WIBF0002,20230831,SNOW,0,,,N,0645
US1WIBF0002,20230901,PRCP,0,,,N,0630
US1WIBF0002,20230902,PRCP,0,,,N,0700
US1WIBF0002,20230903,PRCP,0,,,N,0630
US1WIBF0002,20230904,PRCP,0,,,N,0700
US1WIBF0002,20230905,PRCP,0,,,N,0700
US1WIBF0002,20230906,PRCP,0,,,N,0700
US1WIBF0002,20230907,PRCP,13,,,N,0700
US1WIBF0002,20230908,PRCP,0,T,,N,0600
US1WIBF0002,20230909,PRCP,0,,,N,0700
US1WIBF0002,20230910,PRCP,18,,,N,0700
US1WIBF0002,20230911,PRCP,0,,,N,0630
US1WIBF0002,20230912,PRCP,0,,,N,0700
US1WIBF0002,20230913,PRCP,0,T,,N,0615
US1WIBF0002,20230914,PRCP,0,,,N,0700
US1WIBF0002,20230915,PRCP,0,,,N,0700
US1WIBF0002,20230916,PRCP,20,,,N,0645
US1WIBF0002,20230917,PRCP,0,T,,N,0630
US1WIBF0002,20230918,PRCP,0,,,N,0700
US1WIBF0002,20230919,PRCP,0,T,,N,0700
US1WIBF0002,20230920,PRCP,0,,,N,0645
US1WIBF0002,20230921,PRCP,0,,,N,0700
US1WIBF0002,20230922,PRCP,58,,,N,0700
US1WIBF0002,20230923,PRCP,378,,,N,0645
US1WIBF0002,20230924,PRCP,130,,,N,0700
US1WIBF0002,20230925,PRCP,8,,,N,0700
US1WIBF0002,20230926,PRCP,38,,,N,0700
US1WIBF0002,20230927,PRCP,20,,,N,0630
US1WIBF0002,20230928,PRCP,5,,,N,0630
US1WIBF0002,20230929,PRCP,0,T,,N,0630
US1WIBF0002,20230930,PRCP,5,,,N,0700
US1WIBF0002,20230901,SNOW,0,,,N,0630
US1WIBF0002,20230902,SNOW,0,,,N,0700
US1WIBF0002,20230903,SNOW,0,,,N,0630
US1WIBF0002,20230904,SNOW,0,,,N,0700
US1WIBF0002,20230905,SNOW,0,,,N,0700
US1WIBF0002,20230906,SNOW,0,,,N,0700
US1WIBF0002,20230909,SNOW,0,,,N,0700
US1WIBF0002,20230911,SNOW,0,,,N,0630
US1WIBF0002,20230912,SNOW,0,,,N,0700
US1WIBF0002,20230914,SNOW,0,,,N,0700
US1WIBF0002,20230915,SNOW,0,,,N,0700
US1WIBF0002,20230918,SNOW,0,,,N,0700
US1WIBF0002,20230920,SNOW,0,,,N,0645
US1WIBF0002,20230921,SNOW,0,,,N,0700
US1WIBF0002,20231001,PRCP,23,,,N,0745
US1WIBF0002,20231002,PRCP,0,,,N,0700
US1WIBF0002,20231003,PRCP,0,,,N,0645
US1WIBF0002,20231004,PRCP,0,,,N,0700
US1WIBF0002,20231005,PRCP,0,,,N,0625
US1WIBF0002,20231006,PRCP,0,,,N,0630
US1WIBF0002,20231007,PRCP,23,,,N,0625
US1WIBF0002,20231008,PRCP,0,,,N,0625
US1WIBF0002,20231009,PRCP,0,,,N,0700
US1WIBF0002,20231010,PRCP,0,,,N,0700
US1WIBF0002,20231011,PRCP,0,,,N,0610
US1WIBF0002,20231012,PRCP,0,,,N,0700
US1WIBF0002,20231013,PRCP,191,,,N,0630
US1WIBF0002,20231014,PRCP,109,,,N,0610
US1WIBF0002,20231015,PRCP,0,,,N,0700
US1WIBF0002,20231016,PRCP,0,,,N,0700
US1WIBF0002,20231017,PRCP,0,,,N,0615
US1WIBF0002,20231018,PRCP,0,,,N,0700
US1WIBF0002,20231019,PRCP,0,T,,N,0625
US1WIBF0002,20231020,PRCP,0,T,,N,0630
US1WIBF0002,20231021,PRCP,0,,,N,0630
US1WIBF0002,20231022,PRCP,0,T,,N,0630
US1WIBF0002,20231023,PRCP,15,,,N,0630
US1WIBF0002,20231024,PRCP,193,,,N,0700
US1WIBF0002,20231025,PRCP,371,,,N,0630
US1WIBF0002,20231026,PRCP,18,,,N,0630
US1WIBF0002,20231027,PRCP,94,,,N,0700
US1WIBF0002,20231028,PRCP,0,T,,N,0630
US1WIBF0002,20231029,PRCP,0,,,N,0630
US1WIBF0002,20231030,PRCP,0,,,N,0630
US1WIBF0002,20231031,PRCP,5,,,N,0630
US1WIBF0002,20231002,SNOW,0,,,N,0700
US1WIBF0002,20231003,SNOW,0,,,N,0645
US1WIBF0002,20231004,SNOW,0,,,N,0700
US1WIBF0002,20231005,SNOW,0,,,N,0625
US1WIBF0002,20231006,SNOW,0,,,N,0630
US1WIBF0002,20231008,SNOW,0,,,N,0625
US1WIBF0002,20231009,SNOW,0,,,N,0700
US1WIBF0002,20231010,SNOW,0,,,N,0700
US1WIBF0002,20231011,SNOW,0,,,N,0610
US1WIBF0002,20231012,SNOW,0,,,N,0700
US1WIBF0002,20231015,SNOW,0,,,N,0700
US1WIBF0002,20231016,SNOW,0,,,N,0700
US1WIBF0002,20231017,SNOW,0,,,N,0615
US1WIBF0002,20231018,SNOW,0,,,N,0700
US1WIBF0002,20231021,SNOW,0,,,N,0630
US1WIBF0002,20231029,SNOW,0,,,N,0630
US1WIBF0002,20231030,SNOW,0,,,N,0630
US1WIBF0002,20231031,SNOW,5,,,N,0630
US1WIBF0002,20231031,WESF,5,,,N,0630
US1WIBF0002,20231101,PRCP,43,,,N,0630
US1WIBF0002,20231102,PRCP,0,,,N,0700
US1WIBF0002,20231103,PRCP,0,,,N,0615
US1WIBF0002,20231104,PRCP,0,,,N,0345
US1WIBF0002,20231111,PRCP,0,,,N,0700
US1WIBF0002,20231112,PRCP,0,T,,N,0700
US1WIBF0002,20231113,PRCP,0,,,N,0630
US1WIBF0002,20231114,PRCP,0,,,N,0615
US1WIBF0002,20231115,PRCP,0,,,N,0630
US1WIBF0002,20231116,PRCP,0,,,N,0615
US1WIBF0002,20231117,PRCP,0,,,N,0615
US1WIBF0002,20231118,PRCP,0,,,N,0530
US1WIBF0002,20231119,PRCP,0,,,N,0545
US1WIBF0002,20231120,PRCP,0,,,N,0545
US1WIBF0002,20231121,PRCP,0,,,N,0645
US1WIBF0002,20231122,PRCP,0,T,,N,0630
US1WIBF0002,20231123,PRCP,0,,,N,0630
US1WIBF0002,20231124,PRCP,0,,,N,0700
US1WIBF0002,20231125,PRCP,0,,,N,0630
US1WIBF0002,20231126,PRCP,13,,,N,0630
US1WIBF0002,20231127,PRCP,0,T,,N,0645
US1WIBF0002,20231128,PRCP,0,,,N,0700
US1WIBF0002,20231129,PRCP,0,,,N,0700
US1WIBF0002,20231130,PRCP,0,,,N,0630
US1WIBF0002,20231101,SNOW,46,,,N,0630
US1WIBF0002,20231102,SNOW,0,,,N,0700
US1WIBF0002,20231103,SNOW,0,,,N,0615
US1WIBF0002,20231104,SNOW,0,,,N,0345
US1WIBF0002,20231111,SNOW,0,,,N,0700
US1WIBF0002,20231113,SNOW,0,,,N,0630
US1WIBF0002,20231114,SNOW,0,,,N,0615
US1WIBF0002,20231115,SNOW,0,,,N,0630
US1WIBF0002,20231116,SNOW,0,,,N,0615
US1WIBF0002,20231117,SNOW,0,,,N,0615
US1WIBF0002,20231118,SNOW,0,,,N,0530
US1WIBF0002,20231119,SNOW,0,,,N,0545
US1WIBF0002,20231120,SNOW,0,,,N,0545
US1WIBF0002,20231121,SNOW,0,,,N,0645
US1WIBF0002,20231123,SNOW,0,,,N,0630
US1WIBF0002,20231124,SNOW,0,,,N,0700
US1WIBF0002,20231125,SNOW,0,,,N,0630
US1WIBF0002,20231126,SNOW,25,,,N,0630
US1WIBF0002,20231128,SNOW,0,,,N,0700
US1WIBF0002,20231129,SNOW,0,,,N,0700
US1WIBF0002,20231130,SNOW,0,,,N,0630
US1WIBF0002,20231101,SNWD,51,,,N,0630
US1WIBF0002,20231101,WESD,43,,,N,0630
US1WIBF0002,20231101,WESF,43,,,N,0630
US1WIBF0002,20231126,WESF,13,,,N,0630
US1WIBF0002,20231201,PRCP,0,,,N,0615
US1WIBF0002,20231202,PRCP,0,,,N,0700
US1WIBF0002,20231203,PRCP,15,,,N,0630
US1WIBF0002,20231204,PRCP,0,T,,N,0630
US1WIBF0002,20231205,PRCP,20,,,N,0620
US1WIBF0002,20231206,PRCP,0,,,N,0630
US1WIBF0002,20231207,PRCP,0,,,N,0645
US1WIBF0002,20231208,PRCP,0,,,N,0700
US1WIBF0002,20231209,PRCP,0,,,N,0600
US1WIBF0002,20231210,PRCP,33,,,N,0700
US1WIBF0002,20231211,PRCP,0,,,N,0700
US1WIBF0002,20231212,PRCP,0,,,N,0630
US1WIBF0002,20231213,PRCP,0,,,N,0630
US1WIBF0002,20231214,PRCP,0,,,N,0630
US1WIBF0002,20231215,PRCP,0,,,N,0630
US1WIBF0002,20231216,PRCP,18,,,N,0645
US1WIBF0002,20231217,PRCP,28,,,N,0700
US1WIBF0002,20231218,PRCP,3,,,N,0630
US1WIBF0002,20231219,PRCP,0,,,N,0630
US1WIBF0002,20231220,PRCP,0,,,N,0630
US1WIBF0002,20231221,PRCP,0,,,N,0630
US1WIBF0002,20231222,PRCP,0,,,N,0648
US1WIBF0002,20231223,PRCP,13,,,N,0706
US1WIBF0002,20231224,PRCP,0,T,,N,0654
US1WIBF0002,20231225,PRCP,81,,,N,0625
US1WIBF0002,20231226,PRCP,310,,,N,0659
US1WIBF0002,20231227,PRCP,0,T,,N,0656
US1WIBF0002,20231228,PRCP,0,,,N,0706
US1WIBF0002,20231229,PRCP,0,,,N,0720
US1WIBF0002,20231230,PRCP,0,,,N,0728
US1WIBF0002,20231231,PRCP,18,,,N,0716
US1WIBF0002,20231201,SNOW,0,,,N,0615
US1WIBF0002,20231202,SNOW,0,,,N,0700
US1WIBF0002,20231203,SNOW,3,,,N,0630
US1WIBF0002,20231205,SNOW,3,,,N,0620
US1WIBF0002,20231206,SNOW,0,,,N,0630
US1WIBF0002,20231207,SNOW,0,,,N,0645
US1WIBF0002,20231208,SNOW,0,,,N,0700
US1WIBF0002,20231209,SNOW,0,,,N,0600
US1WIBF0002,20231210,SNOW,33,,,N,0700
US1WIBF0002,20231211,SNOW,0,,,N,0700
US1WIBF0002,20231212,SNOW,0,,,N,0630
US1WIBF0002,20231213,SNOW,0,,,N,0630
US1WIBF0002,20231214,SNOW,0,,,N,0630
US1WIBF0002,20231215,SNOW,0,,,N,0630
US1WIBF0002,20231219,SNOW,0,,,N,0630
US1WIBF0002,20231220,SNOW,0,,,N,0630
US1WIBF0002,20231221,SNOW,0,,,N,0630
US1WIBF0002,20231222,SNOW,0,,,N,0648
US1WIBF0002,20231228,SNOW,0,,,N,0706
US1WIBF0002,20231229,SNOW,0,,,N,0720
US1WIBF0002,20231230,SNOW,0,,,N,0728
US1WIBF0002,20231231,SNOW,5,,,N,0716
US1WIBF0002,20231203,WESF,15,,,N,0630
US1WIBF0002,20231205,WESF,20,,,N,0620
US1WIBF0002,20231210,WESF,33,,,N,0700
US1WIBF0002,20231231,WESF,18,,,N,0716
US1WIBF0002,20240101,PRCP,0,T,,N,0653
US1WIBF0002,20240102,PRCP,0,,,N,0654
US1WIBF0002,20240103,PRCP,0,,,N,0709
US1WIBF0002,20240104,PRCP,0,T,,N,0641
US1WIBF0002,20240105,PRCP,0,T,,N,0702
US1WIBF0002,20240106,PRCP,0,T,,N,0700
US1WIBF0002,20240107,PRCP,0,T,,N,0656
US1WIBF0002,20240108,PRCP,0,,,N,0641
US1WIBF0002,20240109,PRCP,33,,,N,0701
US1WIBF0002,20240110,PRCP,23,,,N,0649
US1WIBF0002,20240111,PRCP,15,,,N,0636
US1WIBF0002,20240112,PRCP,0,T,,N,0638
US1WIBF0002,20240113,PRCP,135,,,N,0705
US1WIBF0002,20240114,PRCP,0,T,,N,0634
US1WIBF0002,20240115,PRCP,0,,,N,0629
US1WIBF0002,20240116,PRCP,0,T,,N,0631
US1WIBF0002,20240117,PRCP,0,,,N,0647
US1WIBF0002,20240118,PRCP,0,,,N,0720
US1WIBF0002,20240119,PRCP,0,,,N,0713
US1WIBF0002,20240120,PRCP,0,T,,N,0708
US1WIBF0002,20240121,PRCP,0,,,N,0658
US1WIBF0002,20240122,PRCP,0,,,N,0721
US1WIBF0002,20240123,PRCP,0,,,N,0654
US1WIBF0002,20240124,PRCP,0,,,N,0654
US1WIBF0002,20240125,PRCP,0,T,,N,0648
US1WIBF0002,20240126,PRCP,0,T,,N,0710
US1WIBF0002,20240127,PRCP,3,,,N,0645
US1WIBF0002,20240128,PRCP,0,,,N,0704
US1WIBF0002,20240129,PRCP,0,,,N,0644
US1WIBF0002,20240130,PRCP,0,,,N,0646
US1WIBF0002,20240131,PRCP,0,T,,N,0700
US1WIBF0002,20240102,SNOW,0,,,N,0654
US1WIBF0002,20240103,SNOW,0,,,N,0709
US1WIBF0002,20240108,SNOW,0,,,N,0641
US1WIBF0002,20240109,SNOW,33,,,N,0701
US1WIBF0002,20240110,SNOW,18,,,N,0649
US1WIBF0002,20240111,SNOW,18,,,N,0636
US1WIBF0002,20240113,SNOW,132,,,N,0705
US1WIBF0002,20240115,SNOW,0,,,N,0629
US1WIBF0002,20240117,SNOW,0,,,N,0647
US1WIBF0002,20240118,SNOW,0,,,N,0720
US1WIBF0002,20240119,SNOW,0,,,N,0713
US1WIBF0002,20240121,SNOW,0,,,N,0658
US1WIBF0002,20240122,SNOW,0,,,N,0721
US1WIBF0002,20240123,SNOW,0,,,N,0654
US1WIBF0002,20240124,SNOW,0,,,N,0654
US1WIBF0002,20240128,SNOW,0,,,N,0704
US1WIBF0002,20240129,SNOW,0,,,N,0644
US1WIBF0002,20240130,SNOW,0,,,N,0646
US1WIBF0002,20240109,WESF,33,,,N,0701
US1WIBF0002,20240110,WESF,23,,,N,0649
US1WIBF0002,20240111,WESF,15,,,N,0636
US1WIBF0002,20240113,WESF,135,,,N,0705
US1WIBF0002,20240201,PRCP,0,,,N,0707
US1WIBF0002,20240202,PRCP,0,,,N,0659
US1WIBF0002,20240203,PRCP,0,,,N,0717
US1WIBF0002,20240204,PRCP,0,,,N,0643
US1WIBF0002,20240205,PRCP,0,,,N,0703
US1WIBF0002,20240206,PRCP,0,,,N,0747
US1WIBF0002,20240207,PRCP,0,,,N,0700
US1WIBF0002,20240208,PRCP,0,,,N,0640
US1WIBF0002,20240209,PRCP,23,,,N,0657
US1WIBF0002,20240210,PRCP,0,,,N,0642
US1WIBF0002,20240211,PRCP,0,,,N,0715
US1WIBF0002,20240212,PRCP,0,,,N,0706
US1WIBF0002,20240213,PRCP,0,,,N,0709
US1WIBF0002,20240214,PRCP,0,,,N,0707
US1WIBF0002,20240215,PRCP,69,,,N,0705
US1WIBF0002,20240216,PRCP,0,,,N,0700
US1WIBF0002,20240217,PRCP,0,,,N,0713
US1WIBF0002,20240218,PRCP,0,,,N,0715
US1WIBF0002,20240219,PRCP,0,,,N,0647
US1WIBF0002,20240220,PRCP,0,,,N,0656
US1WIBF0002,20240221,PRCP,0,,,N,0653
US1WIBF0002,20240222,PRCP,0,,,N,0704
US1WIBF0002,20240223,PRCP,0,,,N,0644
US1WIBF0002,20240224,PRCP,0,T,,N,0643
US1WIBF0002,20240225,PRCP,0,,,N,0643
US1WIBF0002,20240226,PRCP,0,,,N,0654
US1WIBF0002,20240227,PRCP,0,,,N,0659
US1WIBF0002,20240228,PRCP,38,,,N,0650
US1WIBF0002,20240229,PRCP,0,,,N,0651
US1WIBF0002,20240201,SNOW,0,,,N,0707
US1WIBF0002,20240202,SNOW,0,,,N,0659
US1WIBF0002,20240203,SNOW,0,,,N,0717
US1WIBF0002,20240204,SNOW,0,,,N,0643
US1WIBF0002,20240205,SNOW,0,,,N,0703
US1WIBF0002,20240206,SNOW,0,,,N,0747
US1WIBF0002,20240207,SNOW,0,,,N,0700
US1WIBF0002,20240208,SNOW,0,,,N,0640
US1WIBF0002,20240210,SNOW,0,,,N,0642
US1WIBF0002,20240211,SNOW,0,,,N,0715
US1WIBF0002,20240212,SNOW,0,,,N,0706
US1WIBF0002,20240213,SNOW,0,,,N,0709
US1WIBF0002,20240214,SNOW,0,,,N,0707
US1WIBF0002,20240215,SNOW,51,,,N,0705
US1WIBF0002,20240216,SNOW,0,,,N,0700
US1WIBF0002,20240217,SNOW,0,,,N,0713
US1WIBF0002,20240218,SNOW,0,,,N,0715
US1WIBF0002,20240219,SNOW,0,,,N,0647
US1WIBF0002,20240220,SNOW,0,,,N,0656
US1WIBF0002,20240221,SNOW,0,,,N,0653
US1WIBF0002,20240222,SNOW,0,,,N,0704
US1WIBF0002,20240223,SNOW,0,,,N,0644
US1WIBF0002,20240225,SNOW,0,,,N,0643
US1WIBF0002,20240226,SNOW,0,,,N,0654
US1WIBF0002,20240227,SNOW,0,,,N,0659
US1WIBF0002,20240228,SNOW,38,,,N,0650
US1WIBF0002,20240229,SNOW,0,,,N,0651
US1WIBF0002,20240228,SNWD,38,,,N,0650
US1WIBF0002,20240228,WESD,38,,,N,0650
US1WIBF0002,20240215,WESF,69,,,N,0705
US1WIBF0002,20240228,WESF,38,,,N,0650
US1WIBF0002,20240301,PRCP,0,,,N,0700
US1WIBF0002,20240302,PRCP,0,,,N,0625
US1WIBF0002,20240303,PRCP,0,,,N,0700
US1WIBF0002,20240304,PRCP,3,,,N,0700
US1WIBF0002,20240305,PRCP,0,T,,N,0649
US1WIBF0002,20240306,PRCP,0,,,N,0700
US1WIBF0002,20240307,PRCP,0,,,N,0648
US1WIBF0002,20240308,PRCP,0,,,N,0637
US1WIBF0002,20240309,PRCP,0,,,N,0700
US1WIBF0002,20240310,PRCP,0,,,N,0707
US1WIBF0002,20240311,PRCP,0,,,N,0730
US1WIBF0002,20240312,PRCP,0,,,N,0724
US1WIBF0002,20240313,PRCP,0,,,N,0650
US1WIBF0002,20240314,PRCP,0,,,N,0706
US1WIBF0002,20240315,PRCP,0,,,N,0647
US1WIBF0002,20240316,PRCP,0,,,N,0718
US1WIBF0002,20240317,PRCP,0,,,N,0652
US1WIBF0002,20240318,PRCP,0,T,,N,0735
US1WIBF0002,20240319,PRCP,0,,,N,0628
US1WIBF0002,20240320,PRCP,0,,,N,0641
US1WIBF0002,20240321,PRCP,0,,,N,0646
US1WIBF0002,20240322,PRCP,53,,,N,0652
US1WIBF0002,20240323,PRCP,0,,,N,0705
US1WIBF0002,20240324,PRCP,15,,,N,0730
US1WIBF0002,20240325,PRCP,292,,,N,0747
US1WIBF0002,20240326,PRCP,310,,,N,0659
US1WIBF0002,20240327,PRCP,71,,,N,0651
US1WIBF0002,20240328,PRCP,0,T,,N,0651
US1WIBF0002,20240329,PRCP,0,,,N,0640
US1WIBF0002,20240330,PRCP,0,,,N,0639
US1WIBF0002,20240331,PRCP,0,,,N,0728
US1WIBF0002,20240301,SNOW,0,,,N,0700
US1WIBF0002,20240302,SNOW,0,,,N,0625
US1WIBF0002,20240303,SNOW,0,,,N,0700
US1WIBF0002,20240306,SNOW,0,,,N,0700
US1WIBF0002,20240307,SNOW,0,,,N,0648
US1WIBF0002,20240308,SNOW,0,,,N,0637
US1WIBF0002,20240309,SNOW,0,,,N,0700
US1WIBF0002,20240310,SNOW,0,,,N,0707
US1WIBF0002,20240311,SNOW,0,,,N,0730
US1WIBF0002,20240312,SNOW,0,,,N,0724
US1WIBF0002,20240313,SNOW,0,,,N,0650
US1WIBF0002,20240314,SNOW,0,,,N,0706
US1WIBF0002,20240315,SNOW,0,,,N,0647
US1WIBF0002,20240316,SNOW,0,,,N,0718
US1WIBF0002,20240317,SNOW,0,,,N,0652
US1WIBF0002,20240318,SNOW,0,,,N,0735
US1WIBF0002,20240319,SNOW,0,,,N,0628
US1WIBF0002,20240320,SNOW,0,,,N,0641
US1WIBF0002,20240321,SNOW,0,,,N,0646
US1WIBF0002,20240322,SNOW,64,,,N,0652
US1WIBF0002,20240323,SNOW,0,,,N,0705
US1WIBF0002,20240324,SNOW,13,,,N,0730
US1WIBF0002,20240325,SNOW,152,,,N,0747
US1WIBF0002,20240328,SNOW,0,,,N,0651
US1WIBF0002,20240329,SNOW,0,,,N,0640
US1WIBF0002,20240330,SNOW,0,,,N,0639
US1WIBF0002,20240331,SNOW,0,,,N,0728
US1WIBF0002,20240322,SNWD,64,,,N,0652
US1WIBF0002,20240322,WESD,53,,,N,0652
US1WIBF0002,20240322,WESF,53,,,N,0652
US1WIBF0002,20240324,WESF,15,,,N,0730
US1WIBF0002,20240325,WESF,292,,,N,0747
US1WIBF0002,20240401,PRCP,0,,,N,0729
US1WIBF0002,20240402,PRCP,104,,,N,0707
US1WIBF0002,20240403,PRCP,104,,,N,0714
US1WIBF0002,20240404,PRCP,5,,,N,0730
US1WIBF0002,20240405,PRCP,0,,,N,0711
US1WIBF0002,20240406,PRCP,0,,,N,0707
US1WIBF0002,20240407,PRCP,0,,,N,0656
US1WIBF0002,20240408,PRCP,160,,,N,0651
US1WIBF0002,20240409,PRCP,8,,,N,0700
US1WIBF0002,20240410,PRCP,0,T,,N,0651
US1WIBF0002,20240411,PRCP,0,,,N,0655
US1WIBF0002,20240412,PRCP,0,T,,N,0700
US1WIBF0002,20240413,PRCP,0,,,N,0705
US1WIBF0002,20240414,PRCP,0,,,N,0717
US1WIBF0002,20240415,PRCP,0,,,N,0647
US1WIBF0002,20240416,PRCP,0,,,N,0659
US1WIBF0002,20240417,PRCP,541,,,N,0658
US1WIBF0002,20240418,PRCP,8,,,N,0646
US1WIBF0002,20240419,PRCP,0,T,,N,0645
US1WIBF0002,20240420,PRCP,0,T,,N,0700
US1WIBF0002,20240421,PRCP,0,,,N,0652
US1WIBF0002,20240422,PRCP,0,,,N,0632
US1WIBF0002,20240423,PRCP,0,T,,N,0643
US1WIBF0002,20240424,PRCP,0,T,,N,0636
US1WIBF0002,20240425,PRCP,0,,,N,0655
US1WIBF0002,20240426,PRCP,0,,,N,0655
US1WIBF0002,20240427,PRCP,10,,,N,0715
US1WIBF0002,20240428,PRCP,0,T,,N,0700
US1WIBF0002,20240429,PRCP,147,,,N,0656
US1WIBF0002,20240430,PRCP,3,,,N,0633
US1WIBF0002,20240401,SNOW,0,,,N,0729
US1WIBF0002,20240403,SNOW,36,,,N,0714
US1WIBF0002,20240405,SNOW,0,,,N,0711
US1WIBF0002,20240406,SNOW,0,,,N,0707
US1WIBF0002,20240407,SNOW,0,,,N,0656
US1WIBF0002,20240411,SNOW,0,,,N,0655
US1WIBF0002,20240413,SNOW,0,,,N,0705
US1WIBF0002,20240414,SNOW,0,,,N,0717
US1WIBF0002,20240415,SNOW,0,,,N,0647
US1WIBF0002,20240416,SNOW,0,,,N,0659
US1WIBF0002,20240421,SNOW,0,,,N,0652
US1WIBF0002,20240422,SNOW,0,,,N,0632
US1WIBF0002,20240425,SNOW,0,,,N,0655
US1WIBF0002,20240426,SNOW,0,,,N,0655
US1WIBF0002,20240403,WESF,36,,,N,0714
US1WIBF0002,20240501,PRCP,188,,,N,0649
US1WIBF0002,20240502,PRCP,43,,,N,0730
US1WIBF0002,20240503,PRCP,234,,,N,0636
US1WIBF0002,20240504,PRCP,0,,,N,0430
US1WIBF0002,20240505,PRCP,76,,,N,0700
US1WIBF0002,20240506,PRCP,0,,,N,0637
US1WIBF0002,20240507,PRCP,30,,,N,0641
US1WIBF0002,20240508,PRCP,66,,,N,0713
US1WIBF0002,20240509,PRCP,0,,,N,0655
US1WIBF0002,20240510,PRCP,18,,,N,0646
US1WIBF0002,20240511,PRCP,0,T,,N,0701
US1WIBF0002,20240512,PRCP,0,,,N,0703
US1WIBF0002,20240513,PRCP,3,,,N,0654
US1WIBF0002,20240514,PRCP,0,,,N,0715
US1WIBF0002,20240515,PRCP,0,,,N,0700
US1WIBF0002,20240516,PRCP,64,,,N,0719
US1WIBF0002,20240517,PRCP,0,,,N,0737
US1WIBF0002,20240518,PRCP,0,T,,N,0730
US1WIBF0002,20240519,PRCP,0,T,,N,0700
US1WIBF0002,20240520,PRCP,56,,,N,0634
US1WIBF0002,20240521,PRCP,18,,,N,0627
US1WIBF0002,20240522,PRCP,267,,,N,0642
US1WIBF0002,20240523,PRCP,0,,,N,0623
US1WIBF0002,20240524,PRCP,0,,,N,0700
US1WIBF0002,20240525,PRCP,81,,,N,0700
US1WIBF0002,20240526,PRCP,0,T,,N,0730
US1WIBF0002,20240527,PRCP,76,,,N,0654
US1WIBF0002,20240528,PRCP,25,,,N,0714
US1WIBF0002,20240529,PRCP,76,,,N,0645
US1WIBF0002,20240530,PRCP,0,,,N,0648
US1WIBF0002,20240531,PRCP,0,,,N,0655
US1WIBF0002,20240504,SNOW,0,,,N,0430
US1WIBF0002,20240506,SNOW,0,,,N,0637
US1WIBF0002,20240509,SNOW,0,,,N,0655
US1WIBF0002,20240512,SNOW,0,,,N,0703
US1WIBF0002,20240514,SNOW,0,,,N,0715
US1WIBF0002,20240515,SNOW,0,,,N,0700
US1WIBF0002,20240517,SNOW,0,,,N,0737
US1WIBF0002,20240518,SNOW,0,,,N,0730
US1WIBF0002,20240523,SNOW,0,,,N,0623
US1WIBF0002,20240524,SNOW,0,,,N,0700
US1WIBF0002,20240530,SNOW,0,,,N,0648
US1WIBF0002,20240531,SNOW,0,,,N,0655
US1WIBF0002,20240601,PRCP,15,,,N,0653
US1WIBF0002,20240602,PRCP,28,,,N,0643
US1WIBF0002,20240603,PRCP,262,,,N,0800
US1WIBF0002,20240604,PRCP,10,,,N,0620
US1WIBF0002,20240605,PRCP,109,,,N,0653
US1WIBF0002,20240606,PRCP,20,,,N,0623
US1WIBF0002,20240607,PRCP,0,T,,N,0646
US1WIBF0002,20240608,PRCP,5,,,N,0715
US1WIBF0002,20240609,PRCP,28,,,N,0625
US1WIBF0002,20240610,PRCP,0,,,N,0700
US1WIBF0002,20240611,PRCP,0,,,N,0700
US1WIBF0002,20240612,PRCP,0,T,,N,0720
US1WIBF0002,20240613,PRCP,127,,,N,0653
US1WIBF0002,20240614,PRCP,0,,,N,0700
US1WIBF0002,20240615,PRCP,0,,,N,0718
US1WIBF0002,20240616,PRCP,254,,,N,0715
US1WIBF0002,20240617,PRCP,36,,,N,0700
US1WIBF0002,20240618,PRCP,389,,,N,0700
US1WIBF0002,20240619,PRCP,5,,,N,0626
US1WIBF0002,20240620,PRCP,0,T,,N,0700
US1WIBF0002,20240621,PRCP,10,,,N,0700
US1WIBF0002,20240622,PRCP,671,,,N,0724
US1WIBF0002,20240623,PRCP,76,,,N,0715
US1WIBF0002,20240624,PRCP,0,T,,N,0650
US1WIBF0002,20240625,PRCP,0,,,N,0700
US1WIBF0002,20240626,PRCP,0,,,N,0628
US1WIBF0002,20240627,PRCP,0,,,N,0620
US1WIBF0002,20240628,PRCP,10,,,N,0640
US1WIBF0002,20240629,PRCP,140,,,N,0607
US1WIBF0002,20240630,PRCP,0,,,N,0637
US1WIBF0002,20240610,SNOW,0,,,N,0700
US1WIBF0002,20240611,SNOW,0,,,N,0700
US1WIBF0002,20240614,SNOW,0,,,N,0700
US1WIBF0002,20240615,SNOW,0,,,N,0718
US1WIBF0002,20240620,SNOW,0,,,N,0700
US1WIBF0002,20240625,SNOW,0,,,N,0700
US1WIBF0002,20240626,SNOW,0,,,N,0628
US1WIBF0002,20240627,SNOW,0,,,N,0620
US1WIBF0002,20240630,SNOW,0,,,N,0637
US1WIBF0002,20240701,PRCP,0,,,N,0541
US1WIBF0002,20240702,PRCP,150,,,N,0650
US1WIBF0002,20240703,PRCP,86,,,N,0612
US1WIBF0002,20240704,PRCP,0,,,N,0715
US1WIBF0002,20240705,PRCP,302,,,N,0700
US1WIBF0002,20240706,PRCP,0,T,,N,0700
US1WIBF0002,20240707,PRCP,107,,,N,0720
US1WIBF0002,20240708,PRCP,3,,,N,0720
US1WIBF0002,20240709,PRCP,0,T,,N,0615
US1WIBF0002,20240710,PRCP,0,,,N,0715
US1WIBF0002,20240711,PRCP,0,,,N,0540
US1WIBF0002,20240712,PRCP,0,,,N,0623
US1WIBF0002,20240713,PRCP,0,,,N,0550
US1WIBF0002,20240714,PRCP,749,,,N,0630
US1WIBF0002,20240715,PRCP,0,,,N,0655
US1WIBF0002,20240716,PRCP,58,,,N,0657
US1WIBF0002,20240717,PRCP,0,,,N,0641
US1WIBF0002,20240718,PRCP,0,,,N,0720
US1WIBF0002,20240719,PRCP,0,,,N,0542
US1WIBF0002,20240720,PRCP,0,,,N,0720
US1WIBF0002,20240721,PRCP,157,,,N,0630
US1WIBF0002,20240722,PRCP,198,,,N,0720
US1WIBF0002,20240723,PRCP,30,,,N,0720
US1WIBF0002,20240724,PRCP,0,,,N,0608
US1WIBF0002,20240725,PRCP,0,,,N,0637
US1WIBF0002,20240726,PRCP,0,,,N,0730
US1WIBF0002,20240727,PRCP,0,,,N,0625
US1WIBF0002,20240728,PRCP,0,,,N,0715
US1WIBF0002,20240729,PRCP,0,,,N,0700
US1WIBF0002,20240730,PRCP,142,,,N,0725
US1WIBF0002,20240731,PRCP,0,,,N,0730
US1WIBF0002,20240701,SNOW,0,,,N,0541
US1WIBF0002,20240704,SNOW,0,,,N,0715
US1WIBF0002,20240710,SNOW,0,,,N,0715
US1WIBF0002,20240711,SNOW,0,,,N,0540
US1WIBF0002,20240712,SNOW,0,,,N,0623
US1WIBF0002,20240713,SNOW,0,,,N,0550
US1WIBF0002,20240715,SNOW,0,,,N,0655
US1WIBF0002,20240717,SNOW,0,,,N,0641
US1WIBF0002,20240718,SNOW,0,,,N,0720
US1WIBF0002,20240719,SNOW,0,,,N,0542
US1WIBF0002,20240720,SNOW,0,,,N,0720
US1WIBF0002,20240724,SNOW,0,,,N,0608
US1WIBF0002,20240725,SNOW,0,,,N,0637
US1WIBF0002,20240726,SNOW,0,,,N,0730
US1WIBF0002,20240727,SNOW,0,,,N,0625
US1WIBF0002,20240728,SNOW,0,,,N,0715
US1WIBF0002,20240729,SNOW,0,,,N,0700
US1WIBF0002,20240731,SNOW,0,,,N,0730
US1WIBF0002,20240801,PRCP,127,,,N,0656
US1WIBF0002,20240802,PRCP,0,,,N,0730
US1WIBF0002,20240803,PRCP,0,,,N,0650
US1WIBF0002,20240804,PRCP,30,,,N,0640
US1WIBF0002,20240805,PRCP,8,,,N,0700
US1WIBF0002,20240806,PRCP,432,,,N,0626
US1WIBF0002,20240807,PRCP,0,,,N,0643
US1WIBF0002,20240808,PRCP,8,,,N,0630
US1WIBF0002,20240809,PRCP,0,,,N,0649
US1WIBF0002,20240810,PRCP,0,,,N,0630
US1WIBF0002,20240811,PRCP,0,,,N,0720
US1WIBF0002,20240812,PRCP,0,,,N,0630
US1WIBF0002,20240813,PRCP,0,,,N,0630
US1WIBF0002,20240814,PRCP,0,,,N,0625
US1WIBF0002,20240815,PRCP,36,,,N,0630
US1WIBF0002,20240816,PRCP,150,,,N,0700
US1WIBF0002,20240817,PRCP,74,,,N,0645
US1WIBF0002,20240818,PRCP,5,,,N,0620
US1WIBF0002,20240819,PRCP,0,,,N,0721
US1WIBF0002,20240820,PRCP,0,,,N,0645
US1WIBF0002,20240821,PRCP,0,,,N,0645
US1WIBF0002,20240822,PRCP,0,,,N,0634
US1WIBF0002,20240823,PRCP,0,,,N,0700
US1WIBF0002,20240824,PRCP,0,,,N,0654
US1WIBF0002,20240825,PRCP,0,,,N,0730
US1WIBF0002,20240826,PRCP,0,,,N,0600
US1WIBF0002,20240827,PRCP,99,,,N,0700
US1WIBF0002,20240828,PRCP,8,,,N,0630
US1WIBF0002,20240829,PRCP,0,,,N,0720
US1WIBF0002,20240830,PRCP,450,,,N,0730
US1WIBF0002,20240831,PRCP,0,,,N,0720
US1WIBF0002,20240802,SNOW,0,,,N,0730
US1WIBF0002,20240803,SNOW,0,,,N,0650
US1WIBF0002,20240807,SNOW,0,,,N,0643
US1WIBF0002,20240809,SNOW,0,,,N,0649
US1WIBF0002,20240810,SNOW,0,,,N,0630
US1WIBF0002,20240811,SNOW,0,,,N,0720
US1WIBF0002,20240812,SNOW,0,,,N,0630
US1WIBF0002,20240813,SNOW,0,,,N,0630
US1WIBF0002,20240814,SNOW,0,,,N,0625
US1WIBF0002,20240819,SNOW,0,,,N,0721
US1WIBF0002,20240820,SNOW,0,,,N,0645
US1WIBF0002,20240821,SNOW,0,,,N,0645
US1WIBF0002,20240822,SNOW,0,,,N,0634
US1WIBF0002,20240823,SNOW,0,,,N,0700
US1WIBF0002,20240824,SNOW,0,,,N,0654
US1WIBF0002,20240825,SNOW,0,,,N,0730
US1WIBF0002,20240826,SNOW,0,,,N,0600
US1WIBF0002,20240829,SNOW,0,,,N,0720
US1WIBF0002,20240831,SNOW,0,,,N,0720
US1WIBF0002,20240901,PRCP,0,,,N,0700
US1WIBF0002,20240902,PRCP,0,,,N,0700
US1WIBF0002,20240903,PRCP,0,,,N,0633
US1WIBF0002,20240904,PRCP,0,,,N,0700
US1WIBF0002,20240905,PRCP,0,,,N,0640
US1WIBF0002,20240906,PRCP,28,,,N,0700
US1WIBF0002,20240907,PRCP,0,,,N,0645
US1WIBF0002,20240908,PRCP,0,,,N,0630
US1WIBF0002,20240909,PRCP,0,,,N,0630
US1WIBF0002,20240910,PRCP,0,,,N,0700
US1WIBF0002,20240911,PRCP,0,,,N,0636
US1WIBF0002,20240912,PRCP,0,,,N,0745
US1WIBF0002,20240913,PRCP,0,,,N,0707
US1WIBF0002,20240914,PRCP,0,,,N,0730
US1WIBF0002,20240915,PRCP,0,T,,N,0700
US1WIBF0002,20240916,PRCP,0,,,N,0700
US1WIBF0002,20240917,PRCP,0,,,N,0645
US1WIBF0002,20240918,PRCP,0,,,N,0630
US1WIBF0002,20240919,PRCP,0,,,N,0700
US1WIBF0002,20240920,PRCP,221,,,N,0630
US1WIBF0002,20240921,PRCP,0,,,N,0645
US1WIBF0002,20240922,PRCP,25,,,N,0700
US1WIBF0002,20240923,PRCP,0,,,N,0730
US1WIBF0002,20240924,PRCP,0,,,N,0645
US1WIBF0002,20240925,PRCP,0,,,N,0645
US1WIBF0002,20240926,PRCP,0,,,N,0645
US1WIBF0002,20240927,PRCP,0,,,N,0630
US1WIBF0002,20240928,PRCP,0,,,N,0700
US1WIBF0002,20240929,PRCP,0,,,N,0707
US1WIBF0002,20240930,PRCP,0,,,N,0715
US1WIBF0002,20240901,SNOW,0,,,N,0700
US1WIBF0002,20240902,SNOW,0,,,N,0700
US1WIBF0002,20240903,SNOW,0,,,N,0633
US1WIBF0002,20240904,SNOW,0,,,N,0700
US1WIBF0002,20240905,SNOW,0,,,N,0640
US1WIBF0002,20240907,SNOW,0,,,N,0645
US1WIBF0002,20240908,SNOW,0,,,N,0630
US1WIBF0002,20240909,SNOW,0,,,N,0630
US1WIBF0002,20240910,SNOW,0,,,N,0700
US1WIBF0002,20240911,SNOW,0,,,N,0636
US1WIBF0002,20240912,SNOW,0,,,N,0745
US1WIBF0002,20240913,SNOW,0,,,N,0707
US1WIBF0002,20240914,SNOW,0,,,N,0730
US1WIBF0002,20240915,SNOW,0,,,N,0700
US1WIBF0002,20240916,SNOW,0,,,N,0700
US1WIBF0002,20240917,SNOW,0,,,N,0645
US1WIBF0002,20240918,SNOW,0,,,N,0630
US1WIBF0002,20240919,SNOW,0,,,N,0700
US1WIBF0002,20240921,SNOW,0,,,N,0645
US1WIBF0002,20240923,SNOW,0,,,N,0730
US1WIBF0002,20240924,SNOW,0,,,N,0645
US1WIBF0002,20240925,SNOW,0,,,N,0645
US1WIBF0002,20240926,SNOW,0,,,N,0645
US1WIBF0002,20240927,SNOW,0,,,N,0630
US1WIBF0002,20240928,SNOW,0,,,N,0700
US1WIBF0002,20240929,SNOW,0,,,N,0707
US1WIBF0002,20240930,SNOW,0,,,N,0715
US1WIBF0002,20241001,PRCP,0,,,N,0645
US1WIBF0002,20241002,PRCP,0,,,N,0700
US1WIBF0002,20241003,PRCP,0,,,N,0700
US1WIBF0002,20241004,PRCP,0,,,N,0645
US1WIBF0002,20241005,PRCP,0,,,N,0720
US1WIBF0002,20241006,PRCP,0,,,N,0715
US1WIBF0002,20241007,PRCP,0,,,N,0645
US1WIBF0002,20241008,PRCP,0,,,N,0645
US1WIBF0002,20241009,PRCP,0,,,N,0645
US1WIBF0002,20241010,PRCP,0,,,N,0645
US1WIBF0002,20241011,PRCP,0,,,N,0645
US1WIBF0002,20241012,PRCP,0,,,N,0645
US1WIBF0002,20241013,PRCP,0,T,,N,0700
US1WIBF0002,20241014,PRCP,0,T,,N,0700
US1WIBF0002,20241015,PRCP,0,,,N,0630
US1WIBF0002,20241016,PRCP,0,,,N,0715
US1WIBF0002,20241017,PRCP,0,,,N,0645
US1WIBF0002,20241018,PRCP,0,,,N,0700
US1WIBF0002,20241019,PRCP,0,,,N,0645
US1WIBF0002,20241020,PRCP,0,,,N,0630
US1WIBF0002,20241021,PRCP,0,,,N,0630
US1WIBF0002,20241022,PRCP,0,,,N,0645
US1WIBF0002,20241023,PRCP,0,,,N,0630
US1WIBF0002,20241024,PRCP,0,,,N,0700
US1WIBF0002,20241025,PRCP,66,,,N,0720
US1WIBF0002,20241026,PRCP,0,,,N,0700
US1WIBF0002,20241027,PRCP,0,,,N,0720
US1WIBF0002,20241028,PRCP,0,,,N,0645
US1WIBF0002,20241029,PRCP,0,,,N,0625
US1WIBF0002,20241030,PRCP,0,,,N,0645
US1WIBF0002,20241031,PRCP,102,,,N,0700
US1WIBF0002,20241001,SNOW,0,,,N,0645
US1WIBF0002,20241002,SNOW,0,,,N,0700
US1WIBF0002,20241003,SNOW,0,,,N,0700
US1WIBF0002,20241004,SNOW,0,,,N,0645
US1WIBF0002,20241005,SNOW,0,,,N,0720
US1WIBF0002,20241006,SNOW,0,,,N,0715
US1WIBF0002,20241007,SNOW,0,,,N,0645
US1WIBF0002,20241008,SNOW,0,,,N,0645
US1WIBF0002,20241009,SNOW,0,,,N,0645
US1WIBF0002,20241010,SNOW,0,,,N,0645
US1WIBF0002,20241011,SNOW,0,,,N,0645
US1WIBF0002,20241012,SNOW,0,,,N,0645
US1WIBF0002,20241015,SNOW,0,,,N,0630
US1WIBF0002,20241016,SNOW,0,,,N,0715
US1WIBF0002,20241017,SNOW,0,,,N,0645
US1WIBF0002,20241018,SNOW,0,,,N,0700
US1WIBF0002,20241019,SNOW,0,,,N,0645
US1WIBF0002,20241020,SNOW,0,,,N,0630
US1WIBF0002,20241021,SNOW,0,,,N,0630
US1WIBF0002,20241022,SNOW,0,,,N,0645
US1WIBF0002,20241023,SNOW,0,,,N,0630
US1WIBF0002,20241024,SNOW,0,,,N,0700
US1WIBF0002,20241026,SNOW,0,,,N,0700
US1WIBF0002,20241027,SNOW,0,,,N,0720
US1WIBF0002,20241028,SNOW,0,,,N,0645
US1WIBF0002,20241029,SNOW,0,,,N,0625
US1WIBF0002,20241030,SNOW,0,,,N,0645
US1WIBF0002,20241101,PRCP,97,,,N,0645
US1WIBF0002,20241102,PRCP,0,,,N,0630
US1WIBF0002,20241103,PRCP,38,,,N,0615
US1WIBF0002,20241104,PRCP,119,,,N,0630
US1WIBF0002,20241105,PRCP,30,,,N,0630
US1WIBF0002,20241106,PRCP,76,,,N,0615
US1WIBF0002,20241107,PRCP,0,,,N,0615
US1WIBF0002,20241108,PRCP,0,,,N,0700
US1WIBF0002,20241109,PRCP,0,,,N,0630
US1WIBF0002,20241110,PRCP,30,,,N,0625
US1WIBF0002,20241111,PRCP,13,,,N,0615
US1WIBF0002,20241112,PRCP,0,,,N,0615
US1WIBF0002,20241113,PRCP,0,,,N,0615
US1WIBF0002,20241114,PRCP,5,,,N,0630
US1WIBF0002,20241115,PRCP,0,,,N,0630
US1WIBF0002,20241116,PRCP,0,,,N,0630
US1WIBF0002,20241117,PRCP,0,T,,N,0615
US1WIBF0002,20241118,PRCP,0,,,N,0645
US1WIBF0002,20241119,PRCP,290,,,N,0615
US1WIBF0002,20241120,PRCP,5,,,N,0630
US1WIBF0002,20241121,PRCP,8,,,N,0630
US1WIBF0002,20241122,PRCP,0,,,N,0630
US1WIBF0002,20241123,PRCP,0,,,N,0607
US1WIBF0002,20241124,PRCP,0,,,N,0510
US1WIBF0002,20241125,PRCP,5,,,N,0625
US1WIBF0002,20241126,PRCP,30,,,N,0645
US1WIBF0002,20241127,PRCP,0,,,N,0625
US1WIBF0002,20241128,PRCP,0,T,,N,0700
US1WIBF0002,20241129,PRCP,0,T,,N,0645
US1WIBF0002,20241130,PRCP,0,,,N,0645
US1WIBF0002,20241102,SNOW,0,,,N,0630
US1WIBF0002,20241107,SNOW,0,,,N,0615
US1WIBF0002,20241108,SNOW,0,,,N,0700
US1WIBF0002,20241109,SNOW,0,,,N,0630
US1WIBF0002,20241112,SNOW,0,,,N,0615
US1WIBF0002,20241113,SNOW,0,,,N,0615
US1WIBF0002,20241115,SNOW,0,,,N,0630
US1WIBF0002,20241116,SNOW,0,,,N,0630
US1WIBF0002,20241118,SNOW,0,,,N,0645
US1WIBF0002,20241121,SNOW,8,,,N,0630
US1WIBF0002,20241122,SNOW,0,,,N,0630
US1WIBF0002,20241123,SNOW,0,,,N,0607
US1WIBF0002,20241124,SNOW,0,,,N,0510
US1WIBF0002,20241127,SNOW,0,,,N,0625
US1WIBF0002,20241130,SNOW,0,,,N,0645
US1WIBF0002,20241121,SNWD,8,,,N,0630
US1WIBF0002,20241121,WESD,8,,,N,0630
US1WIBF0002,20241121,WESF,8,,,N,0630
US1WIBF0002,20241201,PRCP,0,,,N,0641
US1WIBF0002,20241202,PRCP,3,,,N,0655
US1WIBF0002,20241203,PRCP,0,T,,N,0645
US1WIBF0002,20241204,PRCP,0,,,N,0653
US1WIBF0002,20241205,PRCP,5,,,N,0636
US1WIBF0002,20241206,PRCP,0,,,N,0720
US1WIBF0002,20241207,PRCP,0,,,N,0713
US1WIBF0002,20241208,PRCP,0,,,N,0700
US1WIBF0002,20241209,PRCP,0,T,,N,0700
US1WIBF0002,20241210,PRCP,0,,,N,0700
US1WIBF0002,20241211,PRCP,3,,,N,0715
US1WIBF0002,20241212,PRCP,5,,,N,0700
US1WIBF0002,20241213,PRCP,0,,,N,0645
US1WIBF0002,20241214,PRCP,0,,,N,0640
US1WIBF0002,20241215,PRCP,18,,,N,0707
US1WIBF0002,20241216,PRCP,0,T,,N,0615
US1WIBF0002,20241217,PRCP,0,,,N,0645
US1WIBF0002,20241218,PRCP,0,,,N,0630
US1WIBF0002,20241219,PRCP,30,,,N,0720
US1WIBF0002,20241220,PRCP,81,,,N,0625
US1WIBF0002,20241221,PRCP,0,,,N,0622
US1WIBF0002,20241222,PRCP,0,,,N,0645
US1WIBF0002,20241223,PRCP,0,,,N,0630
US1WIBF0002,20241224,PRCP,3,,,N,0630
US1WIBF0002,20241225,PRCP,0,,,N,0645
US1WIBF0002,20241226,PRCP,0,,,N,0630
US1WIBF0002,20241227,PRCP,33,,,N,0630
US1WIBF0002,20241228,PRCP,229,,,N,0645
US1WIBF0002,20241229,PRCP,0,T,,N,0621
US1WIBF0002,20241230,PRCP,0,T,,N,0625
US1WIBF0002,20241231,PRCP,0,,,N,0700
US1WIBF0002,20241201,SNOW,0,,,N,0641
US1WIBF0002,20241204,SNOW,0,,,N,0653
US1WIBF0002,20241206,SNOW,0,,,N,0720
US1WIBF0002,20241207,SNOW,0,,,N,0713
US1WIBF0002,20241208,SNOW,0,,,N,0700
US1WIBF0002,20241210,SNOW,0,,,N,0700
US1WIBF0002,20241213,SNOW,0,,,N,0645
US1WIBF0002,20241214,SNOW,0,,,N,0640
US1WIBF0002,20241217,SNOW,0,,,N,0645
US1WIBF0002,20241218,SNOW,0,,,N,0630
US1WIBF0002,20241219,SNOW,20,,,N,0720
US1WIBF0002,20241220,SNOW,119,,,N,0625
US1WIBF0002,20241221,SNOW,0,,,N,0622
US1WIBF0002,20241222,SNOW,0,,,N,0645
US1WIBF0002,20241223,SNOW,0,,,N,0630
US1WIBF0002,20241225,SNOW,0,,,N,0645
US1WIBF0002,20241226,SNOW,0,,,N,0630
US1WIBF0002,20241231,SNOW,0,,,N,0700
US1WIBF0002,20241219,SNWD,20,,,N,0720
US1WIBF0002,20241219,WESD,30,,,N,0720
US1WIBF0002,20241219,WESF,30,,,N,0720
US1WIBF0002,20241220,WESF,81,,,N,0625
US1WIBF0002,20250101,PRCP,0,T,,N,0630
US1WIBF0002,20250102,PRCP,0,T,,N,0645
US1WIBF0002,20250103,PRCP,0,T,,N,0700
US1WIBF0002,20250104,PRCP,0,,,N,0645
US1WIBF0002,20250105,PRCP,0,,,N,0630
US1WIBF0002,20250106,PRCP,0,,,N,0623
US1WIBF0002,20250107,PRCP,0,,,N,0630
US1WIBF0002,20250108,PRCP,0,,,N,0700
US1WIBF0002,20250109,PRCP,0,,,N,0638
US1WIBF0002,20250110,PRCP,3,,,N,0700
US1WIBF0002,20250111,PRCP,5,,,N,0630
US1WIBF0002,20250112,PRCP,41,,,N,0700
US1WIBF0002,20250113,PRCP,0,T,,N,0700
US1WIBF0002,20250114,PRCP,0,,,N,0640
US1WIBF0002,20250115,PRCP,0,,,N,0700
US1WIBF0002,20250116,PRCP,0,T,,N,0700
US1WIBF0002,20250117,PRCP,0,,,N,0640
US1WIBF0002,20250118,PRCP,0,,,N,0650
US1WIBF0002,20250119,PRCP,0,,,N,0645
US1WIBF0002,20250120,PRCP,0,,,N,0700
US1WIBF0002,20250121,PRCP,0,,,N,0730
US1WIBF0002,20250122,PRCP,0,,,N,0630
US1WIBF0002,20250123,PRCP,0,T,,N,0645
US1WIBF0002,20250124,PRCP,0,,,N,0700
US1WIBF0002,20250125,PRCP,0,,,N,0625
US1WIBF0002,20250126,PRCP,0,,,N,0700
US1WIBF0002,20250127,PRCP,0,,,N,0630
US1WIBF0002,20250128,PRCP,0,,,N,0615
US1WIBF0002,20250129,PRCP,0,,,N,0630
US1WIBF0002,20250130,PRCP,0,,,N,0645
US1WIBF0002,20250131,PRCP,0,,,N,0630
US1WIBF0002,20250104,SNOW,0,,,N,0645
US1WIBF0002,20250105,SNOW,0,,,N,0630
US1WIBF0002,20250106,SNOW,0,,,N,0623
US1WIBF0002,20250107,SNOW,0,,,N,0630
US1WIBF0002,20250108,SNOW,0,,,N,0700
US1WIBF0002,20250109,SNOW,0,,,N,0638
US1WIBF0002,20250110,SNOW,3,,,N,0700
US1WIBF0002,20250111,SNOW,5,,,N,0630
US1WIBF0002,20250112,SNOW,38,,,N,0700
US1WIBF0002,20250114,SNOW,0,,,N,0640
US1WIBF0002,20250115,SNOW,0,,,N,0700
US1WIBF0002,20250117,SNOW,0,,,N,0640
US1WIBF0002,20250118,SNOW,0,,,N,0650
US1WIBF0002,20250119,SNOW,0,,,N,0645
US1WIBF0002,20250120,SNOW,0,,,N,0700
US1WIBF0002,20250121,SNOW,0,,,N,0730
US1WIBF0002,20250122,SNOW,0,,,N,0630
US1WIBF0002,20250124,SNOW,0,,,N,0700
US1WIBF0002,20250125,SNOW,0,,,N,0625
US1WIBF0002,20250126,SNOW,0,,,N,0700
US1WIBF0002,20250127,SNOW,0,,,N,0630
US1WIBF0002,20250128,SNOW,0,,,N,0615
US1WIBF0002,20250129,SNOW,0,,,N,0630
US1WIBF0002,20250130,SNOW,0,,,N,0645
US1WIBF0002,20250131,SNOW,0,,,N,0630
US1WIBF0002,20250110,WESF,3,,,N,0700
US1WIBF0002,20250111,WESF,5,,,N,0630
US1WIBF0002,20250112,WESF,41,,,N,0700
US1WIBF0002,20250201,PRCP,0,,,N,
US1WIBF0002,20250202,PRCP,0,T,,N,
US1WIBF0002,20250201,SNOW,0,,,N,
